method,timestamp,unix_ts,parsed_artist,parsed_title,raw_title,raw_subtitle,url
title_split,2026-05-26T01:59:06.217Z,1779760746,Bring Me The Horizon,"""Blessed With A Curse""","Watched Bring Me The Horizon - ""Blessed With A Curse""",Epitaph Records,https://music.youtube.com/watch?v=okCcL8daFAg
title_split,2026-05-26T01:45:36.964Z,1779759936,Bring Me The Horizon,"""Visions""","Watched Bring Me The Horizon - ""Visions""",Epitaph Records,https://music.youtube.com/watch?v=QuQW1vkDA1c
title_split,2026-05-26T01:40:48.096Z,1779759648,Bring Me The Horizon,"""Alligator Blood""","Watched Bring Me The Horizon - ""Alligator Blood""",Epitaph Records,https://music.youtube.com/watch?v=ShYBjIfJX1A
title_split,2026-05-26T01:21:40.712Z,1779758500,Bring Me The Horizon,"""It Never Ends""","Watched Bring Me The Horizon - ""It Never Ends""",Epitaph Records,https://music.youtube.com/watch?v=E_Vez_aKIyI
title_split,2026-05-26T01:16:52.077Z,1779758212,Bring Me The Horizon,"""Anthem""","Watched Bring Me The Horizon - ""Anthem""",Epitaph Records,https://music.youtube.com/watch?v=2nUlE4_JZUk
title_split,2026-05-25T03:35:36.267Z,1779680136,BRING ME THE HORIZON,Pray for Plagues,Watched BRING ME THE HORIZON - Pray for Plagues,VisibleNoiseRecords,https://music.youtube.com/watch?v=AWggPLXeOkU
title_split,2026-05-18T01:13:26.137Z,1779066806,Enter Shikari,Find Out The Hard Way... (Official Video),Watched Enter Shikari - Find Out The Hard Way... (Official Video),Enter Shikari,https://music.youtube.com/watch?v=iYC-vjBSGXE
title_split,2026-05-14T04:00:12.035Z,1778731212,Enter Shikari,A Kiss For The Whole World x - (Official Video),Watched Enter Shikari - A Kiss For The Whole World x - (Official Video),Enter Shikari,https://music.youtube.com/watch?v=lwjQN7jWa0M
title_split,2026-05-03T02:04:35.628Z,1777773875,AURORA,Runaway,Watched AURORA - Runaway,iamAURORAVEVO,https://music.youtube.com/watch?v=d_HlPboLRL8
title_split,2026-04-28T01:19:16.225Z,1777339156,Broadside,Coffee Talk,Watched Broadside - Coffee Talk,BroadsideVEVO,https://music.youtube.com/watch?v=lEbaT5gvrP8
title_split,2026-04-27T01:16:56.610Z,1777252616,BILMURI,THE END (LIVE),Watched BILMURI - THE END (LIVE),Bilmuri,https://music.youtube.com/watch?v=GmjZYP8SFqI
title_split,2026-04-18T05:35:25.581Z,1776490525,Enter Shikari,A Kiss For The Whole World x - (Official Video),Watched Enter Shikari - A Kiss For The Whole World x - (Official Video),Enter Shikari,https://music.youtube.com/watch?v=lwjQN7jWa0M
title_split,2026-04-12T04:17:02.248Z,1775967422,Bilmuri,WAVES [OFFICIAL VISUALIZER],Watched Bilmuri - WAVES [OFFICIAL VISUALIZER],Bilmuri,https://music.youtube.com/watch?v=8UY5WEECAPs
title_split,2026-04-12T04:14:41.565Z,1775967281,Bilmuri,HONEST [OFFICIAL VISUALIZER],Watched Bilmuri - HONEST [OFFICIAL VISUALIZER],Bilmuri,https://music.youtube.com/watch?v=b9j912Bg4cI
title_split,2026-04-12T04:11:09.652Z,1775967069,Bilmuri,"BACK, THEN [OFFICIAL VISUALIZER]","Watched Bilmuri - BACK, THEN [OFFICIAL VISUALIZER]",Bilmuri,https://music.youtube.com/watch?v=kSVXh10Sl8Y
title_split,2026-04-12T04:06:20.907Z,1775966780,BILMURI,ALWAYS LET YOU DOWN (ft. A Day To Remember) [OFFICIAL MUSIC VIDEO],Watched BILMURI - ALWAYS LET YOU DOWN (ft. A Day To Remember) [OFFICIAL MUSIC VIDEO],Bilmuri,https://music.youtube.com/watch?v=W1mnfilKiPw
title_split,2026-04-12T03:55:34.952Z,1775966134,Bilmuri,SHYT FYST [OFFICIAL VISUALIZER],Watched Bilmuri - SHYT FYST [OFFICIAL VISUALIZER],Bilmuri,https://music.youtube.com/watch?v=5h1Pka-Pu4s
title_split,2026-03-29T04:07:29.474Z,1774757249,Capstan,Abstracted,Watched Capstan - Abstracted,Fearless Records,https://music.youtube.com/watch?v=ysmAb9M14hQ
title_split,2026-03-29T04:03:06.943Z,1774756986,Capstan,Drifter (Music Video),Watched Capstan - Drifter (Music Video),Capstan Band,https://music.youtube.com/watch?v=MyyYkn_YIUQ
title_split,2026-03-28T02:09:01.538Z,1774663741,Capstan,The Wreath and the Follower,Watched Capstan - The Wreath and the Follower,adventure cat records.,https://music.youtube.com/watch?v=hFcKkts9VpE
title_split,2026-03-28T02:05:28.382Z,1774663528,CAPSTAN,Final Words (Official Video),Watched CAPSTAN - Final Words (Official Video),Fearless Records,https://music.youtube.com/watch?v=8yQq375oHOY
title_split,2026-03-28T02:01:16.640Z,1774663276,Capstan,shades of us (Official Music Video),Watched Capstan - shades of us (Official Music Video),Fearless Records,https://music.youtube.com/watch?v=1FRSiERnKPM
title_split,2026-03-28T02:01:00.921Z,1774663260,Capstan,The Death of an Illusion,Watched Capstan - The Death of an Illusion,Capstan Band,https://music.youtube.com/watch?v=uQHgvPrOSzg
subtitle_fallback,2026-03-28T01:57:12.746Z,1774663032,Fearless Records,Capstan – blurred around the edges [Feat. Saxl Rose] (Official Music Video),Watched Capstan – blurred around the edges [Feat. Saxl Rose] (Official Music Video),Fearless Records,https://music.youtube.com/watch?v=JEtHW426Fpc
title_split,2026-03-28T01:52:26.048Z,1774662746,Capstan,Stars Before The Sun (Official Music Video),Watched Capstan - Stars Before The Sun (Official Music Video),Fearless Records,https://music.youtube.com/watch?v=-KGw7lNk7Q0
title_split,2026-03-28T01:45:13.956Z,1774662313,Capstan,Wax Poetic [Official Music Video],Watched Capstan - Wax Poetic [Official Music Video],Capstan Band,https://music.youtube.com/watch?v=d1VqBzXvPnE
title_split,2026-03-23T02:07:16.199Z,1774231636,The Dear Hunter,The Glass Desert I - Giants (Official Lyric Video),Watched The Dear Hunter - The Glass Desert I - Giants (Official Lyric Video),TheDearHunterVEVO,https://music.youtube.com/watch?v=Kd0SYShRPJc
title_split,2026-03-15T01:03:33.483Z,1773536613,Saosin,Seven Years,Watched Saosin - Seven Years,TheWretch3d,https://music.youtube.com/watch?v=vWdB1UgKhc4
title_split,2026-03-12T19:51:00.894Z,1773345060,Copeland,Ixora (Original & Twin Synced) - Erase,Watched Copeland - Ixora (Original & Twin Synced) - Erase,F00L,https://music.youtube.com/watch?v=t3mD6G1Y-EE
title_split,2026-03-12T19:46:56.015Z,1773344816,Copeland,Ixora (Original & Twin Synced) - I Can Make You Feel Young Again,Watched Copeland - Ixora (Original & Twin Synced) - I Can Make You Feel Young Again,F00L,https://music.youtube.com/watch?v=m1H2Ve7J4Vo
title_split,2026-03-12T19:42:03.989Z,1773344523,Copeland,Ixora (Original & Twin Synced) - Disjointed,Watched Copeland - Ixora (Original & Twin Synced) - Disjointed,F00L,https://music.youtube.com/watch?v=LzeJ5ErRtTI
title_split,2026-03-12T19:39:10.907Z,1773344350,Copeland,Ixora (Original & Twin Synced) - Have I Always Loved You?,Watched Copeland - Ixora (Original & Twin Synced) - Have I Always Loved You?,F00L,https://music.youtube.com/watch?v=2IS5G2D321w
subtitle_fallback,2026-03-12T03:43:26.753Z,1773287006,Channel 432 (hz),My Bloody Valentine  Soon  432 hz,Watched My Bloody Valentine  Soon  432 hz,Channel 432 (hz),https://music.youtube.com/watch?v=pLw_yCV6alc
subtitle_fallback,2026-03-12T03:37:52.597Z,1773286672,Channel 432 (hz),My Bloody Valentine  What You Want  432 hz,Watched My Bloody Valentine  What You Want  432 hz,Channel 432 (hz),https://music.youtube.com/watch?v=XqgiPD0GYMI
subtitle_fallback,2026-03-12T03:36:55.790Z,1773286615,Channel 432 (hz),My Bloody Valentine  Touched  432 hz,Watched My Bloody Valentine  Touched  432 hz,Channel 432 (hz),https://music.youtube.com/watch?v=qApRSJfTAIs
subtitle_fallback,2026-03-12T03:33:18.976Z,1773286398,432Won,My Bloody Valentine- Blown a Wish 432 hz,Watched My Bloody Valentine- Blown a Wish 432 hz,432Won,https://music.youtube.com/watch?v=_lDj7nxrOFk
subtitle_fallback,2026-03-12T03:27:11.129Z,1773286031,432Won,My Bloody Valentine- Come in Alone 432 hz,Watched My Bloody Valentine- Come in Alone 432 hz,432Won,https://music.youtube.com/watch?v=in_5-aRIViQ
subtitle_fallback,2026-03-12T03:21:36.244Z,1773285696,432Won,My Bloody Valentine- I Only Said 432 hz,Watched My Bloody Valentine- I Only Said 432 hz,432Won,https://music.youtube.com/watch?v=IID2q9ScWUI
subtitle_fallback,2026-03-12T03:17:25.912Z,1773285445,432Won,My Bloody Valentine- When You Sleep 432 hz,Watched My Bloody Valentine- When You Sleep 432 hz,432Won,https://music.youtube.com/watch?v=cFohL4JlbJQ
subtitle_fallback,2026-03-12T03:11:56.693Z,1773285116,432Won,My Bloody Valentine- To Here Knows When 432 hz,Watched My Bloody Valentine- To Here Knows When 432 hz,432Won,https://music.youtube.com/watch?v=QyloiArW7o4
subtitle_fallback,2026-03-12T03:09:17.936Z,1773284957,432Won,My Bloody Valentine- Loomer 432 hz,Watched My Bloody Valentine- Loomer 432 hz,432Won,https://music.youtube.com/watch?v=uovobw74g_I
subtitle_fallback,2026-03-12T03:04:59.900Z,1773284699,432Won,My Bloody Valentine- Only Shallow 432 hz,Watched My Bloody Valentine- Only Shallow 432 hz,432Won,https://music.youtube.com/watch?v=kMMD4WOe3Ug
subtitle_fallback,2026-03-12T02:44:42.370Z,1773283482,my bloody valentine,my bloody valentine – to here knows when (official video),Watched my bloody valentine – to here knows when (official video),my bloody valentine,https://music.youtube.com/watch?v=PpXZAmeQDqY
title_split,2026-03-12T02:43:58.877Z,1773283438,Drop Nineteens,Kick The Tragedy (Official Video),Watched Drop Nineteens - Kick The Tragedy (Official Video),DropNineteensVEVO,https://music.youtube.com/watch?v=_HM7qvbohIc
subtitle_fallback,2026-03-12T02:40:43.060Z,1773283243,jacal,when a guitar riff hits you so hard that you start to tear up (full version),Watched when a guitar riff hits you so hard that you start to tear up (full version),jacal,https://music.youtube.com/watch?v=_ruxnfq7FC8
subtitle_fallback,2026-03-12T02:40:30.753Z,1773283230,my bloody valentine,my bloody valentine – only shallow (official video),Watched my bloody valentine – only shallow (official video),my bloody valentine,https://music.youtube.com/watch?v=nwfCoKNI5hs
title_split,2026-03-12T02:21:17.230Z,1773282077,My Bloody Valentine,Glider (1990) [Full Album],Watched My Bloody Valentine - Glider (1990) [Full Album],Expedient Self,https://music.youtube.com/watch?v=BeM6Rz0OOFM
title_split,2026-03-12T02:19:07.073Z,1773281947,My bloody valentine,Soft as Snow (But Warm Inside),Watched My bloody valentine  - Soft as Snow (But Warm Inside),bcobain2,https://music.youtube.com/watch?v=4Om4meS-SyI
title_split,2026-03-12T02:18:31.958Z,1773281911,My Bloody Valentine,Feed Me With Your Kiss EP (1990),Watched My Bloody Valentine - Feed Me With Your Kiss EP (1990),KeepCalmAndGazeAtYourShoes,https://music.youtube.com/watch?v=55dBGJ-4Puk
subtitle_fallback,2026-03-08T18:12:25.061Z,1772993545,Intervals,intervals | chronophobia,Watched intervals | chronophobia,Intervals,https://music.youtube.com/watch?v=lyGMWXwQArk
title_split,2026-03-05T05:53:14.537Z,1772689994,Acres,"""My Everything"" (Guitar Cover)","Watched Acres - ""My Everything"" (Guitar Cover)",Late Honkola,https://music.youtube.com/watch?v=KFr65lkcIZE
title_split,2026-03-05T04:45:01.805Z,1772685901,Acres,"""My Everything"" (Guitar Cover)","Watched Acres - ""My Everything"" (Guitar Cover)",Late Honkola,https://music.youtube.com/watch?v=KFr65lkcIZE
title_split,2026-02-18T20:51:53.003Z,1771447913,Real Friends,Waiting Room (Official Music Video),Watched Real Friends - Waiting Room (Official Music Video),Real Friends,https://music.youtube.com/watch?v=TeL6X0xhD5E
title_split,2026-02-18T06:14:16.894Z,1771395256,Real Friends,When You Were Here (Official Music Video),Watched Real Friends - When You Were Here (Official Music Video),realfriendsVEVO,https://music.youtube.com/watch?v=KOXYCnRY7yM
title_split,2026-02-18T06:09:51.730Z,1771394991,Real Friends,Never Has Become Always (Official Music Video),Watched Real Friends - Never Has Become Always (Official Music Video),Real Friends,https://music.youtube.com/watch?v=M9qyzcudJOg
title_split,2026-02-18T05:48:52.291Z,1771393732,Real Friends,Our Love Was Like A Sad Song (Official Music Video),Watched Real Friends - Our Love Was Like A Sad Song (Official Music Video),Real Friends,https://music.youtube.com/watch?v=jZefVvbmybY
title_split,2026-02-18T02:37:07.696Z,1771382227,Real Friends,When You Were Here (Official Music Video),Watched Real Friends - When You Were Here (Official Music Video),realfriendsVEVO,https://music.youtube.com/watch?v=KOXYCnRY7yM
title_split,2026-02-18T02:32:00.533Z,1771381920,Real Friends,Never Has Become Always (Official Music Video),Watched Real Friends - Never Has Become Always (Official Music Video),Real Friends,https://music.youtube.com/watch?v=M9qyzcudJOg
title_split,2026-02-18T02:20:04.132Z,1771381204,Real Friends,Waiting Room (Official Music Video),Watched Real Friends - Waiting Room (Official Music Video),Real Friends,https://music.youtube.com/watch?v=TeL6X0xhD5E
title_split,2026-02-02T02:51:57.513Z,1770000717,BABYMETAL,from me to u feat. Poppy (OFFICIAL MUSIC VIDEO),Watched BABYMETAL - from me to u feat. Poppy (OFFICIAL MUSIC VIDEO),BABYMETALVEVO,https://music.youtube.com/watch?v=qayP_YUrf9I
title_split,2026-02-02T02:49:10.846Z,1770000550,Poppy,Let's Make A Video (Official Video),Watched Poppy - Let's Make A Video (Official Video),Poppy,https://music.youtube.com/watch?v=w_yPb78Oo4U
title_split,2026-02-01T07:59:54.845Z,1769932794,That Poppy,Lowlife,Watched That Poppy - Lowlife,ThatPoppyVEVO,https://music.youtube.com/watch?v=lwnoSeiAFSY
title_split,2026-02-01T02:28:58.409Z,1769912938,Hilary Duff,Mature (Official Video),Watched Hilary Duff - Mature (Official Video),Hilary Duff,https://music.youtube.com/watch?v=AOEklH8Eyw4
title_split,2026-01-31T20:11:20.773Z,1769890280,Poppy,Concrete (Official Music Video),Watched Poppy -  Concrete (Official Music Video),Poppy,https://music.youtube.com/watch?v=WwoGhpYdebQ
title_split,2026-01-31T20:06:46.994Z,1769890006,Poppy,Guardian (Official Visualizer),Watched Poppy - Guardian (Official Visualizer),Poppy,https://music.youtube.com/watch?v=j0SH16VtxHE
title_split,2026-01-31T20:05:06.367Z,1769889906,Poppy,the cost of giving up (Official Visualizer),Watched Poppy - the cost of giving up (Official Visualizer),Poppy,https://music.youtube.com/watch?v=NEDot7WkQHY
title_split,2026-01-31T20:04:26.638Z,1769889866,Poppy,Let's Make A Video (Official Video),Watched Poppy - Let's Make A Video (Official Video),Poppy,https://music.youtube.com/watch?v=w_yPb78Oo4U
title_split,2026-01-25T05:42:20.899Z,1769319740,Poppy,Guardian (Official Visualizer),Watched Poppy - Guardian (Official Visualizer),Poppy,https://music.youtube.com/watch?v=j0SH16VtxHE
title_split,2026-01-20T18:56:00.779Z,1768935360,Invent Animate,Heavener [Official Music Video],Watched Invent Animate - Heavener [Official Music Video],UNFD,https://music.youtube.com/watch?v=sz1lLXB4_qs
title_split,2026-01-20T18:55:51.335Z,1768935351,LØLØ,007 (Official Music Video),Watched LØLØ - 007 (Official Music Video),LØLØ,https://music.youtube.com/watch?v=4okJouEbZ_s
title_split,2026-01-12T06:57:12.630Z,1768201032,dark_cloud,Sick (Official Lyric Video),Watched dark_cloud - Sick (Official Lyric Video),dark_cloud,https://music.youtube.com/watch?v=WsrnhGNW_Ck
title_split,2026-01-12T06:31:56.108Z,1768199516,Echo Harper,Rewriting the Echoes | Epic Fantasy Rock Song,Watched Echo Harper - Rewriting the Echoes | Epic Fantasy Rock Song,Echo Harper,https://music.youtube.com/watch?v=favM1SED7C0
title_split,2026-01-12T06:25:22Z,1768199122,Echo Harper,Storm the Sky Throne | Epic Fantasy Rock Battle Song,Watched Echo Harper - Storm the Sky Throne | Epic Fantasy Rock Battle Song,Echo Harper,https://music.youtube.com/watch?v=AXwdYLwcLLw
title_split,2026-01-12T05:23:06.953Z,1768195386,Echo Harper,I Remember It All (Fantasy Rock Ballad),Watched Echo Harper - I Remember It All (Fantasy Rock Ballad),Echo Harper,https://music.youtube.com/watch?v=yjQ4n89aI94
title_split,2026-01-12T03:53:25.244Z,1768190005,Capstan,Can't. Lie. Around. Remembering. Everything. (Starke Lake Studios Livestream),Watched Capstan - Can't. Lie. Around. Remembering. Everything. (Starke Lake Studios Livestream),Capstan Band,https://music.youtube.com/watch?v=-K2-sWkbJ6U
subtitle_fallback,2025-12-30T09:36:19.489Z,1767087379,blink-182 Nation,blink-182: Time To Break Up (HIGH QUALITY),Watched blink-182: Time To Break Up (HIGH QUALITY),blink-182 Nation,https://music.youtube.com/watch?v=clFy8MXmH_I
title_split,2025-12-29T07:14:35.881Z,1766992475,Knox,NYC (Official Music Video),Watched Knox - NYC (Official Music Video),Knox,https://music.youtube.com/watch?v=hU_6xYrDgOg
title_split,2025-12-26T03:49:19.160Z,1766720959,The Funeral Portrait,Blood Mother (Official Music Video),Watched The Funeral Portrait - Blood Mother (Official Music Video),Better Noise Music,https://music.youtube.com/watch?v=-Qpmd9Vt4zE
title_split,2025-12-26T03:45:07.067Z,1766720707,The Funeral Portrait ft Spencer Charnas of Ice Nine Kills,Suffocate City (Official Music Video),Watched The Funeral Portrait ft Spencer Charnas of Ice Nine Kills - Suffocate City (Official Music Video),Better Noise Music,https://music.youtube.com/watch?v=B_hbmWMEGts
title_split,2025-12-24T04:45:11.925Z,1766551511,HAWK,"""Counter Ops"" OFFICIAL LIVE VIDEO","Watched HAWK - ""Counter Ops"" OFFICIAL LIVE VIDEO",HAWK,https://music.youtube.com/watch?v=omE7l9LSIxw
title_split,2025-12-24T04:39:57.707Z,1766551197,HAWK,King With No Survivors (Official Music Video),Watched HAWK - King With No Survivors (Official Music Video),HAWK,https://music.youtube.com/watch?v=i_DnfHS1lEU
title_split,2025-12-24T04:32:38.768Z,1766550758,HAWK,CLVRMFKR (Official Music Video),Watched HAWK - CLVRMFKR (Official Music Video),HAWK,https://music.youtube.com/watch?v=GIsfhldNiFg
title_split,2025-12-21T18:26:57.675Z,1766341617,Fernando Ortega,Let All Mortal Flesh Keep Silence,Watched Fernando Ortega - Let All Mortal Flesh Keep Silence,mchen730,https://music.youtube.com/watch?v=8wl4u8lnDQs
subtitle_fallback,2025-12-21T18:24:08.598Z,1766341448,Steph Macleod,In Christ Alone | Celtic Worship ft. Steph Macleod,Watched In Christ Alone | Celtic Worship ft. Steph Macleod,Steph Macleod,https://music.youtube.com/watch?v=8kvFtXphmMU
title_split,2025-12-21T17:50:51.724Z,1766339451,"YESHUA, My Beloved (Extended)",James Block,"Watched YESHUA, My Beloved (Extended) - James Block",James Block,https://music.youtube.com/watch?v=2pq30-9a590
title_split,2025-12-21T16:55:58.288Z,1766336158,The Book,Michael Card,Watched The Book -  Michael Card,MNorthrop,https://music.youtube.com/watch?v=4HVyF8Xz6S0
title_split,2025-12-21T16:52:02.524Z,1766335922,Michael Card and John Michael Talbot,One Faith,Watched Michael Card and John Michael Talbot - One Faith,Schola Piaseczno,https://music.youtube.com/watch?v=Gc_NrqJEekk
title_split,2025-12-21T06:06:34.196Z,1766297194,Sleep Token,Infinite Baths x The Love You Want (Goobsie Mashup),Watched Sleep Token - Infinite Baths x The Love You Want (Goobsie Mashup),Goobsie,https://music.youtube.com/watch?v=-czoql1eWLQ
title_split,2025-12-21T06:00:15.716Z,1766296815,Sleep Token vs GUNSHIP,Euclid x Tech Noir 2 (Goobsie Mashup),Watched Sleep Token vs GUNSHIP - Euclid x Tech Noir 2 (Goobsie Mashup),Goobsie,https://music.youtube.com/watch?v=aFsStCI9F_Y
title_split,2025-12-21T05:55:31.165Z,1766296531,Sleep Token vs The Midnight,Even In Arcadia x Arcade Dreams (Goobsie Mashup),Watched Sleep Token vs The Midnight - Even In Arcadia x Arcade Dreams (Goobsie Mashup),Goobsie,https://music.youtube.com/watch?v=MD9wVrX3nqE
title_split,2025-12-21T05:52:29.840Z,1766296349,Sleep Token vs Alice Deejay,Damocles x Better Off Alone (Goobsie Mashup),Watched Sleep Token vs Alice Deejay - Damocles x Better Off Alone (Goobsie Mashup),Goobsie,https://music.youtube.com/watch?v=0h2JcyGNhXs
title_split,2025-12-21T05:44:53.517Z,1766295893,Sleep Token,Provider x Gethsemane (Goobsie Mashup),Watched Sleep Token - Provider x Gethsemane (Goobsie Mashup),Goobsie,https://music.youtube.com/watch?v=tzWy7ivmwkg
title_split,2025-12-21T05:40:45.887Z,1766295645,Sleep Token vs Peter Gabriel,Infinite Baths x The Book of Love (Goobsie Mashup),Watched Sleep Token vs Peter Gabriel - Infinite Baths x The Book of Love (Goobsie Mashup),Goobsie,https://music.youtube.com/watch?v=6lg51vuJ2MU
title_split,2025-12-21T05:35:47.325Z,1766295347,Sleep Token vs The Weeknd,Ascensionism x The Hills (Goobsie Mashup),Watched Sleep Token vs The Weeknd - Ascensionism x The Hills (Goobsie Mashup),Goobsie,https://music.youtube.com/watch?v=4lUDwTOa3Wc
title_split,2025-12-21T05:29:01.939Z,1766294941,Sleep Token,The Night Does Not Belong To God x Euclid (Goobsie Mashup),Watched Sleep Token - The Night Does Not Belong To God x Euclid (Goobsie Mashup),Goobsie,https://music.youtube.com/watch?v=kLw3d5z0PVA
title_split,2025-12-21T05:24:53.963Z,1766294693,Sleep Token vs Rumi & Jinu,Gethsemane x Free (Goobsie Mashup) [UPDATED VERSION],Watched Sleep Token vs Rumi & Jinu - Gethsemane x Free (Goobsie Mashup) [UPDATED VERSION],Goobsie,https://music.youtube.com/watch?v=L2O1o6r_bUs
title_split,2025-12-21T05:14:16.240Z,1766294056,Sleep Token vs Dayseeker,Take Aim x Paper Heart (Goobsie Mashup),Watched Sleep Token vs Dayseeker - Take Aim x Paper Heart (Goobsie Mashup),Goobsie,https://music.youtube.com/watch?v=1wnvv0rkycg
title_split,2025-12-21T05:09:41.090Z,1766293781,Sleep Token vs Bad Omens,Jaws x Impose (Goobsie Mashup),Watched Sleep Token vs Bad Omens - Jaws x Impose (Goobsie Mashup),Goobsie,https://music.youtube.com/watch?v=W23vtE_XhQA
title_split,2025-12-21T04:18:32.106Z,1766290712,Dayseeker vs Sleep Token,Creature In The Black Night Album (Goobsie Mashup Mix),Watched Dayseeker vs Sleep Token - Creature In The Black Night Album (Goobsie Mashup Mix),Goobsie,https://music.youtube.com/watch?v=ZOR_Ex9anHM
title_split,2025-12-21T04:14:21.476Z,1766290461,Sleep Token vs Dayseeker,Take Aim x Paper Heart (Goobsie Flipped Mashup),Watched Sleep Token vs Dayseeker - Take Aim x Paper Heart (Goobsie Flipped Mashup),Goobsie,https://music.youtube.com/watch?v=R4bycvmvrWI
title_split,2025-12-21T04:09:59.457Z,1766290199,Dayseeker vs Sleep Token,Creature in the Black Night x Damocles (Goobsie Mashup),Watched Dayseeker vs Sleep Token - Creature in the Black Night x Damocles (Goobsie Mashup),Goobsie,https://music.youtube.com/watch?v=vE4GxHKmEbs
title_split,2025-12-21T04:03:07.045Z,1766289787,Sleep Token vs The Midnight,Gethsemane x The Right Way (Goobsie Mashup),Watched Sleep Token vs The Midnight - Gethsemane x The Right Way (Goobsie Mashup),Goobsie,https://music.youtube.com/watch?v=EbZPMsiTZ_4
title_split,2025-12-21T03:59:22.750Z,1766289562,Sleep Token vs Dayseeker,Alkaline x Cemetery Blues (Goobsie Mashup),Watched Sleep Token vs Dayseeker - Alkaline x Cemetery Blues (Goobsie Mashup),Goobsie,https://music.youtube.com/watch?v=1y5S_7ixjs4
title_split,2025-12-21T03:55:10.229Z,1766289310,Dayseeker vs Sleep Token,My Immortal x Damocles (Goobsie Mashup),Watched Dayseeker vs Sleep Token - My Immortal x Damocles (Goobsie Mashup),Goobsie,https://music.youtube.com/watch?v=WOyEuhp6M-M
title_split,2025-12-21T03:50:57.716Z,1766289057,Sleep Token vs Ariana Grande,Caramel x Santa Tell Me (Goobsie Mashup),Watched Sleep Token vs Ariana Grande - Caramel x Santa Tell Me (Goobsie Mashup),Goobsie,https://music.youtube.com/watch?v=4tvfYYepXJ0
title_split,2025-12-21T03:44:56.230Z,1766288696,Sleep Token,Gethsemane x Levitate (Goobsie Mashup),Watched Sleep Token - Gethsemane x Levitate (Goobsie Mashup),Goobsie,https://music.youtube.com/watch?v=MSPAoiw8V1Q
no_artist,2025-12-21T03:39:50.181Z,1766288390,,https://music.youtube.com/watch?v=YmwJYv8ocDs,Watched https://music.youtube.com/watch?v=YmwJYv8ocDs,,https://music.youtube.com/watch?v=YmwJYv8ocDs
subtitle_fallback,2025-12-20T19:37:48.594Z,1766259468,Goobsie,Sleep Token Christmas Mashup Mix (Goobsie Mashups),Watched Sleep Token Christmas Mashup Mix (Goobsie Mashups),Goobsie,https://music.youtube.com/watch?v=5uQHz30h6A4
title_split,2025-12-20T19:32:20.337Z,1766259140,Sleep Token vs The Midnight,Caramel x Brooklyn (Goobsie Mashup),Watched Sleep Token vs The Midnight - Caramel x Brooklyn (Goobsie Mashup),Goobsie,https://music.youtube.com/watch?v=sV6OSUtmVx8
subtitle_fallback,2025-12-20T18:33:50.297Z,1766255630,Goobsie,Vesselmas Mix (Sleep Token Christmas Mashup Album by Goobsie),Watched Vesselmas Mix (Sleep Token Christmas Mashup Album by Goobsie),Goobsie,https://music.youtube.com/watch?v=E-gH4uI5pr8
title_split,2025-12-20T18:29:13.414Z,1766255353,Sleep Token vs Hellogoodbye,Past Self x Here (In Your Arms) (Goobsie Mashup),Watched Sleep Token vs Hellogoodbye - Past Self x Here (In Your Arms) (Goobsie Mashup),Goobsie,https://music.youtube.com/watch?v=Nuv7HwgaUYs
title_split,2025-12-18T06:28:29.434Z,1766039309,Sleep Token,The Night Does Not Belong To God x Euclid (Goobsie Mashup),Watched Sleep Token - The Night Does Not Belong To God x Euclid (Goobsie Mashup),Goobsie,https://music.youtube.com/watch?v=kLw3d5z0PVA
title_split,2025-12-18T06:24:21.561Z,1766039061,Sleep Token vs Rumi & Jinu,Gethsemane x Free (Goobsie Mashup) [UPDATED VERSION],Watched Sleep Token vs Rumi & Jinu - Gethsemane x Free (Goobsie Mashup) [UPDATED VERSION],Goobsie,https://music.youtube.com/watch?v=L2O1o6r_bUs
title_split,2025-12-18T06:20:46.783Z,1766038846,Sleep Token vs Dayseeker,Take Aim x Paper Heart (Goobsie Mashup),Watched Sleep Token vs Dayseeker - Take Aim x Paper Heart (Goobsie Mashup),Goobsie,https://music.youtube.com/watch?v=1wnvv0rkycg
title_split,2025-12-18T06:16:11.629Z,1766038571,Sleep Token vs Bad Omens,Jaws x Impose (Goobsie Mashup),Watched Sleep Token vs Bad Omens - Jaws x Impose (Goobsie Mashup),Goobsie,https://music.youtube.com/watch?v=W23vtE_XhQA
title_split,2025-12-18T05:20:11.593Z,1766035211,Dayseeker vs Sleep Token,Creature In The Black Night Album (Goobsie Mashup Mix),Watched Dayseeker vs Sleep Token - Creature In The Black Night Album (Goobsie Mashup Mix),Goobsie,https://music.youtube.com/watch?v=ZOR_Ex9anHM
title_split,2025-12-18T05:16:01.998Z,1766034961,Sleep Token vs Dayseeker,Take Aim x Paper Heart (Goobsie Flipped Mashup),Watched Sleep Token vs Dayseeker - Take Aim x Paper Heart (Goobsie Flipped Mashup),Goobsie,https://music.youtube.com/watch?v=R4bycvmvrWI
title_split,2025-12-18T05:11:39.999Z,1766034699,Dayseeker vs Sleep Token,Creature in the Black Night x Damocles (Goobsie Mashup),Watched Dayseeker vs Sleep Token - Creature in the Black Night x Damocles (Goobsie Mashup),Goobsie,https://music.youtube.com/watch?v=vE4GxHKmEbs
title_split,2025-12-18T05:04:47.542Z,1766034287,Sleep Token vs The Midnight,Gethsemane x The Right Way (Goobsie Mashup),Watched Sleep Token vs The Midnight - Gethsemane x The Right Way (Goobsie Mashup),Goobsie,https://music.youtube.com/watch?v=EbZPMsiTZ_4
title_split,2025-12-18T05:01:03.203Z,1766034063,Sleep Token vs Dayseeker,Alkaline x Cemetery Blues (Goobsie Mashup),Watched Sleep Token vs Dayseeker - Alkaline x Cemetery Blues (Goobsie Mashup),Goobsie,https://music.youtube.com/watch?v=1y5S_7ixjs4
title_split,2025-12-18T04:56:50.716Z,1766033810,Dayseeker vs Sleep Token,My Immortal x Damocles (Goobsie Mashup),Watched Dayseeker vs Sleep Token - My Immortal x Damocles (Goobsie Mashup),Goobsie,https://music.youtube.com/watch?v=WOyEuhp6M-M
title_split,2025-12-18T04:52:38.163Z,1766033558,Sleep Token vs Ariana Grande,Caramel x Santa Tell Me (Goobsie Mashup),Watched Sleep Token vs Ariana Grande - Caramel x Santa Tell Me (Goobsie Mashup),Goobsie,https://music.youtube.com/watch?v=4tvfYYepXJ0
title_split,2025-12-18T04:46:55.912Z,1766033215,Sleep Token,Gethsemane x Levitate (Goobsie Mashup),Watched Sleep Token - Gethsemane x Levitate (Goobsie Mashup),Goobsie,https://music.youtube.com/watch?v=MSPAoiw8V1Q
no_artist,2025-12-18T04:41:50.902Z,1766032910,,https://music.youtube.com/watch?v=YmwJYv8ocDs,Watched https://music.youtube.com/watch?v=YmwJYv8ocDs,,https://music.youtube.com/watch?v=YmwJYv8ocDs
subtitle_fallback,2025-12-18T04:14:50.844Z,1766031290,Goobsie,Sleep Token Christmas Mashup Mix (Goobsie Mashups),Watched Sleep Token Christmas Mashup Mix (Goobsie Mashups),Goobsie,https://music.youtube.com/watch?v=5uQHz30h6A4
title_split,2025-12-18T04:09:22.611Z,1766030962,Sleep Token vs The Midnight,Caramel x Brooklyn (Goobsie Mashup),Watched Sleep Token vs The Midnight - Caramel x Brooklyn (Goobsie Mashup),Goobsie,https://music.youtube.com/watch?v=sV6OSUtmVx8
subtitle_fallback,2025-12-18T03:09:56.983Z,1766027396,Goobsie,Vesselmas Mix (Sleep Token Christmas Mashup Album by Goobsie),Watched Vesselmas Mix (Sleep Token Christmas Mashup Album by Goobsie),Goobsie,https://music.youtube.com/watch?v=E-gH4uI5pr8
title_split,2025-12-10T03:12:46.531Z,1765336366,The Word Alive,No Way Out (Official Music Video),Watched The Word Alive - No Way Out (Official Music Video),Fearless Records,https://music.youtube.com/watch?v=Nj5_uLvyteU
subtitle_fallback,2025-11-29T06:39:49.947Z,1764398389,Eden Garden,The Best Music To Listen To While High Smoking Weed,Watched The Best Music To Listen To While High Smoking Weed,Eden Garden,https://music.youtube.com/watch?v=dM4fC33wryk
subtitle_fallback,2025-11-28T01:39:01.809Z,1764293941,Eden Garden,The Best Music To Listen To While High Smoking Weed,Watched The Best Music To Listen To While High Smoking Weed,Eden Garden,https://music.youtube.com/watch?v=dM4fC33wryk
title_split,2025-11-22T07:07:06.552Z,1763795226,ANNISOKAY,Human (OFFICIAL VIDEO),Watched ANNISOKAY - Human (OFFICIAL VIDEO),Arising Empire,https://music.youtube.com/watch?v=TDL4vZk0nBw
title_split,2025-11-20T13:05:05.630Z,1763643905,Like Moths To Flames,The Worst In Me (Official Music Video),Watched Like Moths To Flames - The Worst In Me (Official Music Video),riserecords,https://music.youtube.com/watch?v=pHKvPNykisE
title_split,2025-11-20T12:52:53.199Z,1763643173,Like Moths To Flames,Learn Your Place (Official Music Video),Watched Like Moths To Flames - Learn Your Place (Official Music Video),riserecords,https://music.youtube.com/watch?v=enW3af0iyqs
title_split,2025-11-20T00:19:57.006Z,1763597997,Caskets,Drowned In Emotion (Official Music Video),Watched Caskets - Drowned In Emotion (Official Music Video),SharpTone Records,https://music.youtube.com/watch?v=3ImPzXYOAls
subtitle_fallback,2025-11-19T23:43:09.834Z,1763595789,CallousDaoboysVEVO,III. Country Song in Reverse (Official Lyric Video),Watched III. Country Song in Reverse (Official Lyric Video),CallousDaoboysVEVO,https://music.youtube.com/watch?v=DGX2w0Qv0jc
title_split,2025-11-19T23:28:18.052Z,1763594898,The Callous Daoboys,Distracted by The Mona Lisa (Official Music Video),Watched The Callous Daoboys - Distracted by The Mona Lisa (Official Music Video),CallousDaoboysVEVO,https://music.youtube.com/watch?v=bBdfsJBTVYI
title_split,2025-11-19T23:12:31.291Z,1763593951,The Callous Daoboys,Idiot Temptation Force (Official Lyric Video),Watched The Callous Daoboys - Idiot Temptation Force (Official Lyric Video),CallousDaoboysVEVO,https://music.youtube.com/watch?v=ird7L8WY89I
title_split,2025-11-19T22:39:57.978Z,1763591997,The Callous Daoboys,Full Moon Guidance (Official Lyric Video),Watched The Callous Daoboys - Full Moon Guidance (Official Lyric Video),CallousDaoboysVEVO,https://music.youtube.com/watch?v=xN8Ub2y7ajw
title_split,2025-11-19T22:38:08.477Z,1763591888,The Callous Daoboys,Schizophrenia Legacy (Official Lyric Video),Watched The Callous Daoboys - Schizophrenia Legacy (Official Lyric Video),CallousDaoboysVEVO,https://music.youtube.com/watch?v=fKdZl1xhIkU
title_split,2025-11-18T07:47:16.372Z,1763452036,Imminence,Mors Certa [Official Video],Watched Imminence - Mors Certa [Official Video],Imminence,https://music.youtube.com/watch?v=T4DdIZjLp00
title_split,2025-11-13T05:51:28.930Z,1763013088,Doja Cat,Rules (Official Video),Watched Doja Cat - Rules (Official Video),dojacatVEVO,https://music.youtube.com/watch?v=UVadfCxNnoY
title_split,2025-11-13T05:49:58.730Z,1763012998,"Full Tac, Rico Nasty & Lil Mariko",SIMP (Official Video),"Watched Full Tac, Rico Nasty & Lil Mariko - SIMP (Official Video)",Full Tac,https://music.youtube.com/watch?v=N8kSHeIVYh4
title_split,2025-11-13T05:48:45.535Z,1763012925,Ceechynaa,Peggy,Watched Ceechynaa - Peggy,Ceechynaa,https://music.youtube.com/watch?v=MFXs2M35yLo
title_split,2025-11-13T05:47:54.584Z,1763012874,CupcakKe,Grilling N****S | Lawd Jesus (Official Music Video),Watched CupcakKe - Grilling N****S | Lawd Jesus (Official Music Video),cupcakKe,https://music.youtube.com/watch?v=yPRgUhPZy-w
title_split,2025-11-13T05:46:39.350Z,1763012799,Ashnikko,STUPID (feat. Yung Baby Tate) [Official Music Video],Watched Ashnikko - STUPID (feat. Yung Baby Tate) [Official Music Video],Ashnikko,https://music.youtube.com/watch?v=VbQrhOWkonk
title_split,2025-11-13T05:46:18.988Z,1763012778,ZHEANI,LIE AND LOOK,Watched ZHEANI - LIE AND LOOK,zheani,https://music.youtube.com/watch?v=TaYSf7D8EuA
title_split,2025-11-13T05:43:29.802Z,1763012609,Megan Thee Stallion,Thot Shit [Official Video],Watched Megan Thee Stallion - Thot Shit [Official Video],Megan Thee Stallion,https://music.youtube.com/watch?v=KynkMn5Hv3Q
title_split,2025-10-31T06:12:36.088Z,1761891156,Imminence,86 [Official Video],Watched Imminence - 86 [Official Video],Imminence,https://music.youtube.com/watch?v=3RABTyJegpI
title_split,2025-10-31T06:03:53.398Z,1761890633,Falling In Reverse,"""All My Women (feat. HARDY)""","Watched Falling In Reverse - ""All My Women (feat. HARDY)""",Epitaph Records,https://music.youtube.com/watch?v=rwWK4WX2qaI
title_split,2025-10-29T02:13:41.474Z,1761704021,Capstan,shattered glass (Official Music Video),Watched Capstan - shattered glass (Official Music Video),Fearless Records,https://music.youtube.com/watch?v=TT7EOIIthow
subtitle_fallback,2025-10-29T02:02:59.059Z,1761703379,Fearless Records,Capstan – blurred around the edges [Feat. Saxl Rose] (Official Music Video),Watched Capstan – blurred around the edges [Feat. Saxl Rose] (Official Music Video),Fearless Records,https://music.youtube.com/watch?v=JEtHW426Fpc
subtitle_fallback,2025-10-29T01:59:47.762Z,1761703187,Fearless Records,Capstan – alone [Feat. Shane Told] (Official Music Video),Watched Capstan – alone [Feat. Shane Told] (Official Music Video),Fearless Records,https://music.youtube.com/watch?v=Tzr_IFQq57E
title_split,2025-10-29T01:42:26.646Z,1761702146,Capstan,The Love That Remains,Watched Capstan - The Love That Remains,Fearless Records,https://music.youtube.com/watch?v=L1ACOCa16qM
title_split,2025-10-29T01:36:15.160Z,1761701775,Capstan,"Nothing Met, Nothing Moved","Watched Capstan - Nothing Met, Nothing Moved",Fearless Records,https://music.youtube.com/watch?v=uxPcDwxO7XE
title_split,2025-10-29T01:32:22.673Z,1761701542,Capstan,Hideaway (Official Music Video),Watched Capstan - Hideaway (Official Music Video),Fearless Records,https://music.youtube.com/watch?v=sw0sTEj1QJw
title_split,2025-10-29T01:28:51.172Z,1761701331,Capstan,Stars Before The Sun (Official Music Video),Watched Capstan - Stars Before The Sun (Official Music Video),Fearless Records,https://music.youtube.com/watch?v=-KGw7lNk7Q0
title_split,2025-10-29T01:26:37.583Z,1761701197,Capstan,The Agentic State,Watched Capstan - The Agentic State,Fearless Records,https://music.youtube.com/watch?v=h0gj0rMJyj4
title_split,2025-10-29T01:09:54.803Z,1761700194,Capstan,I'll Bury the Hatchet When They Bury You,Watched Capstan - I'll Bury the Hatchet When They Bury You,Fearless Records,https://music.youtube.com/watch?v=1Yb0jHvxp9M
title_split,2025-10-28T00:19:03.219Z,1761610743,Capstan,I'll Bury the Hatchet When They Bury You,Watched Capstan - I'll Bury the Hatchet When They Bury You,Fearless Records,https://music.youtube.com/watch?v=1Yb0jHvxp9M
title_split,2025-10-28T00:15:12.601Z,1761610512,Capstan,We'll Always Have Paris (Official Music Video),Watched Capstan - We'll Always Have Paris (Official Music Video),Fearless Records,https://music.youtube.com/watch?v=ocRL4lP3Dbw
subtitle_fallback,2025-10-25T21:26:55.551Z,1761427615,Music Library Uploads,Headshot.mp3,Watched Headshot.mp3,Music Library Uploads,https://music.youtube.com/watch?v=UG_0Ay20YnU
title_split,2025-10-22T19:57:51.506Z,1761163071,Greyhaven,Prelude: Evening Star / Shatter And Burst [OFFICIAL VIDEO],Watched Greyhaven - Prelude: Evening Star / Shatter And Burst [OFFICIAL VIDEO],Solid State Records,https://music.youtube.com/watch?v=9TpMPZ8FSBY
title_split,2025-10-20T04:47:26.094Z,1760935646,Daedric,Dark Legacy (Official Music Video),Watched Daedric - Dark Legacy (Official Music Video),DaedricVEVO,https://music.youtube.com/watch?v=hKKrlWIlFrk
title_split,2025-10-20T04:33:16.682Z,1760934796,Daedric,The Other Terror (Official Music Video),Watched Daedric - The Other Terror (Official Music Video),DaedricVEVO,https://music.youtube.com/watch?v=hd1QXTmctJs
title_split,2025-10-19T01:48:07.065Z,1760838487,Sleep Token vs Beethoven,The Offering x Moonlight Sonata (Goobsie Mashup),Watched Sleep Token vs Beethoven - The Offering x Moonlight Sonata (Goobsie Mashup),Goobsie,https://music.youtube.com/watch?v=Fq1cvIdyv6M
title_split,2025-10-19T01:44:20.548Z,1760838260,Sleep Token vs Saja Boys,Caramel x Your Idol (Goobsie Mashup),Watched Sleep Token vs Saja Boys - Caramel x Your Idol (Goobsie Mashup),Goobsie,https://music.youtube.com/watch?v=NyZLSrjv-gM
title_split,2025-10-19T01:44:20.367Z,1760838260,Sleep Token vs GUNSHIP,Provider x Fly For Your Life (Goobsie Mashup),Watched Sleep Token vs GUNSHIP - Provider x Fly For Your Life (Goobsie Mashup),Goobsie,https://music.youtube.com/watch?v=pVMO1R_xzLw
title_split,2025-10-19T01:40:37.627Z,1760838037,Sleep Token vs HUNTR/X (Huntrix),Emergence x Golden (Goobsie Mashup),Watched Sleep Token vs HUNTR/X (Huntrix) - Emergence x Golden (Goobsie Mashup),Goobsie,https://music.youtube.com/watch?v=R0_9zypnPJA
title_split,2025-10-19T01:37:23.662Z,1760837843,Rumi & Jinu vs Sleep Token,Free x Gethsemane (Goobsie Mashup Flipped),Watched Rumi & Jinu vs Sleep Token - Free x Gethsemane (Goobsie Mashup Flipped),Goobsie,https://music.youtube.com/watch?v=3SnBnKZ_iFk
title_split,2025-10-19T01:37:22.290Z,1760837842,Sleep Token vs Michael Salvatori,The Apparition x Deep Stone Lullaby (Goobsie Mashup),Watched Sleep Token vs Michael Salvatori - The Apparition x Deep Stone Lullaby (Goobsie Mashup),Goobsie,https://music.youtube.com/watch?v=IlnjWyArtGQ
title_split,2025-10-19T01:32:02.589Z,1760837522,Sleep Token vs Rumi & Jinu,Gethsemane x Free (Goobsie Mashup) [UPDATED VERSION],Watched Sleep Token vs Rumi & Jinu - Gethsemane x Free (Goobsie Mashup) [UPDATED VERSION],Goobsie,https://music.youtube.com/watch?v=L2O1o6r_bUs
title_split,2025-10-18T11:09:49.917Z,1760785789,Hans Zimmer vs Sleep Token,Time x Take Me Back to Eden (Goobsie Mashup),Watched Hans Zimmer vs Sleep Token - Time x Take Me Back to Eden (Goobsie Mashup),Goobsie,https://music.youtube.com/watch?v=2_x5_5ljKtY
title_split,2025-10-18T11:05:21.980Z,1760785521,Hans Zimmer vs Sleep Token,Day One (Interstellar Theme) x The Summoning (Goobsie Mashup),Watched Hans Zimmer vs Sleep Token - Day One (Interstellar Theme) x The Summoning (Goobsie Mashup),Goobsie,https://music.youtube.com/watch?v=esNYnINGHvM
title_split,2025-10-18T10:56:16.525Z,1760784976,Sleep Token,Emergence x Rain (Goobsie Mashup),Watched Sleep Token - Emergence x Rain (Goobsie Mashup),Goobsie,https://music.youtube.com/watch?v=5REgNdfw2gg
title_split,2025-10-18T10:51:33.367Z,1760784693,Sleep Token vs Chase Atlantic,The Summoning x Heaven and Back (Goobsie Mashup),Watched Sleep Token vs Chase Atlantic - The Summoning x Heaven and Back (Goobsie Mashup),Goobsie,https://music.youtube.com/watch?v=SRVBRl4C4zE
title_split,2025-10-18T10:46:56.161Z,1760784416,Sleep Token vs Borgeous,Levitate x Ruin LA (Goobsie Mashup),Watched Sleep Token vs Borgeous - Levitate x Ruin LA (Goobsie Mashup),Goobsie,https://music.youtube.com/watch?v=StV24hObMQM
title_split,2025-10-18T10:42:03.671Z,1760784123,Sleep Token vs Bastille & Audien,Euclid x Pompeii (Goobsie Mashup),Watched Sleep Token vs Bastille & Audien - Euclid x Pompeii (Goobsie Mashup),Goobsie,https://music.youtube.com/watch?v=69D8zzImi6o
subtitle_fallback,2025-10-18T10:38:11.830Z,1760783891,Goobsie,Falling in Reverse vs Sleep Token vs Dal Av & Jackson Rose (Goobsie Mashup),Watched Falling in Reverse vs Sleep Token vs Dal Av & Jackson Rose (Goobsie Mashup),Goobsie,https://music.youtube.com/watch?v=ej5Gilz-qXo
title_split,2025-10-18T10:33:20.957Z,1760783600,Sleep Token,Caramel vs The Love You Want (Goobsie Mashup),Watched Sleep Token - Caramel vs The Love You Want (Goobsie Mashup),Goobsie,https://music.youtube.com/watch?v=uOAaY6a6qNA
title_split,2025-10-18T10:27:43.540Z,1760783263,Sleep Token,Caramel x Say That You Will x TNDNBTG x The Love You Want (Goobsie Mashup),Watched Sleep Token - Caramel x Say That You Will x TNDNBTG x The Love You Want (Goobsie Mashup),Goobsie,https://music.youtube.com/watch?v=18m7UOanQoU
title_split,2025-10-18T10:23:07.531Z,1760782987,Sleep Token,Damocles vs Are You Really Okay (Goobsie Mashup),Watched Sleep Token - Damocles vs Are You Really Okay (Goobsie Mashup),Goobsie,https://music.youtube.com/watch?v=RKj8Vls6B3Y
title_split,2025-10-18T10:18:42.563Z,1760782722,Sleep Token,Damocles vs Alkaline (Goobsie Mashup),Watched Sleep Token - Damocles vs Alkaline (Goobsie Mashup),Goobsie,https://music.youtube.com/watch?v=yLle6hTBH5c
title_split,2025-10-18T10:14:10.453Z,1760782450,Sleep Token vs Bad Omens vs Dayseeker,Descending x TDOPOM x Pale Moonlight (Goobsie Mashup),Watched Sleep Token vs Bad Omens vs Dayseeker - Descending x TDOPOM x Pale Moonlight (Goobsie Mashup),Goobsie,https://music.youtube.com/watch?v=ConZu__6hzU
title_split,2025-10-18T10:09:47.522Z,1760782187,Sleep Token,Calcutta x Drag Me Under x Distraction x Hypnosis x Atlantic (Goobsie Mashup),Watched Sleep Token - Calcutta x Drag Me Under x Distraction x Hypnosis x Atlantic (Goobsie Mashup),Goobsie,https://music.youtube.com/watch?v=N5OMGHMezck
title_split,2025-10-18T10:04:12.226Z,1760781852,Sleep Token vs Gunship,Emergence x Maximum Black (Goobsie Mashup),Watched Sleep Token vs Gunship - Emergence x Maximum Black (Goobsie Mashup),Goobsie,https://music.youtube.com/watch?v=zU_E0kxVwy4
title_split,2025-10-18T09:57:16.412Z,1760781436,Sleep Token,Infinite Baths x Blood Sport x TNDNBTG x WTBB x Euclid (Goobsie Mashup),Watched Sleep Token - Infinite Baths x Blood Sport x TNDNBTG x WTBB x Euclid (Goobsie Mashup),Goobsie,https://music.youtube.com/watch?v=_-T6ngkq-y8
title_split,2025-10-18T09:53:07.969Z,1760781187,Sleep Token,Even in Arcadia x Gethsemane (Goobsie Mashup),Watched Sleep Token - Even in Arcadia x Gethsemane (Goobsie Mashup),Goobsie,https://music.youtube.com/watch?v=Ad-iPlwa9sY
title_split,2025-10-18T09:48:00.795Z,1760780880,Sleep Token,Vore x Dangerous (Goobsie Mashup),Watched Sleep Token - Vore x Dangerous (Goobsie Mashup),Goobsie,https://music.youtube.com/watch?v=9h_tYBYfk00
title_split,2025-10-18T09:41:15.184Z,1760780475,Sleep Token,Euclid x Gethsemane (Goobsie Mashup),Watched Sleep Token - Euclid x Gethsemane (Goobsie Mashup),Goobsie,https://music.youtube.com/watch?v=0slvBE_nit0
title_split,2025-10-18T09:30:11.086Z,1760779811,Sleep Token,Infinite Baths x Look to Windward (Goobsie Edit),Watched Sleep Token - Infinite Baths x Look to Windward (Goobsie Edit),Goobsie,https://music.youtube.com/watch?v=u4LHlbvbLUI
title_split,2025-10-18T09:24:22.896Z,1760779462,Sleep Token,Mine x Provider (Goobsie Mashup),Watched Sleep Token - Mine x Provider (Goobsie Mashup),Goobsie,https://music.youtube.com/watch?v=KwqQBPmqLeg
title_split,2025-10-18T09:20:18.575Z,1760779218,Sleep Token,Past Self x Give (Goobsie Mashup),Watched Sleep Token - Past Self x Give (Goobsie Mashup),Goobsie,https://music.youtube.com/watch?v=uGfDm7_WhBA
title_split,2025-10-18T09:15:39.678Z,1760778939,Sleep Token,Damocles x Fall for Me (Goobsie Mashup),Watched Sleep Token -  Damocles x Fall for Me (Goobsie Mashup),Goobsie,https://music.youtube.com/watch?v=di1JMn1dicU
title_split,2025-10-18T09:12:42.636Z,1760778762,Sleep Token vs Galleons,Past Self x DeLorean (Goobsie Mashup),Watched Sleep Token vs Galleons - Past Self x DeLorean (Goobsie Mashup),Goobsie,https://music.youtube.com/watch?v=4xzE4D4uQrg
title_split,2025-10-18T09:08:01.019Z,1760778481,Sleep Token vs Martin O'Donnell,Emergence x Never Forget (Goobsie Mashup),Watched Sleep Token vs Martin O'Donnell - Emergence x Never Forget (Goobsie Mashup),Goobsie,https://music.youtube.com/watch?v=rY3-MMt7CkQ
title_split,2025-10-18T09:05:07.583Z,1760778307,Sleep Token vs Martin O'Donnell,Emergence x Difference For Darkness (Goobsie Mashup),Watched Sleep Token vs Martin O'Donnell - Emergence x Difference For Darkness (Goobsie Mashup),Goobsie,https://music.youtube.com/watch?v=h0Fp8cFNkTc
title_split,2025-10-18T09:00:24.792Z,1760778024,Sleep Token vs Christina Perri,Look to Windward x A Thousand Years x Mine (Goobsie Mashup),Watched Sleep Token vs Christina Perri - Look to Windward x A Thousand Years x Mine (Goobsie Mashup),Goobsie,https://music.youtube.com/watch?v=61uqdPzcX7A
title_split,2025-10-18T08:43:21.766Z,1760777001,Sleep Token vs Dayseeker,Emergence x Creature In The Black Night (Goobsie Mashup),Watched Sleep Token vs Dayseeker - Emergence x Creature In The Black Night (Goobsie Mashup),Goobsie,https://music.youtube.com/watch?v=07wcFC1ifVE
title_split,2025-10-18T08:33:59.470Z,1760776439,Sleep Token,TNDNBTG x Euclid x Infinite Baths x Dark Signs x Look to Windward (Goobsie Mashup),Watched Sleep Token - TNDNBTG x Euclid x Infinite Baths x Dark Signs x Look to Windward (Goobsie Mashup),Goobsie,https://music.youtube.com/watch?v=W5sgdp_Q-1I
title_split,2025-10-18T08:29:51.636Z,1760776191,Sleep Token vs Rumi & Jinu,Gethsemane x Free (Goobsie Mashup),Watched Sleep Token vs Rumi & Jinu - Gethsemane x Free (Goobsie Mashup),Goobsie,https://music.youtube.com/watch?v=frJ_GJvxg9g
title_split,2025-10-18T08:24:09.815Z,1760775849,Sleep Token,Emergence x Rain (Goobsie Mashup) [Updated],Watched Sleep Token - Emergence x Rain (Goobsie Mashup) [Updated],Goobsie,https://music.youtube.com/watch?v=m6UT08FFjWU
title_split,2025-10-18T08:19:33.293Z,1760775573,Sleep Token vs Asking Alexandria,Dangerous x Under Denver (Goobsie Mashup),Watched Sleep Token vs Asking Alexandria - Dangerous x Under Denver (Goobsie Mashup),Goobsie,https://music.youtube.com/watch?v=n_iUT2ORNSM
title_split,2025-10-18T08:13:07.263Z,1760775187,Sleep Token,Thread The Needle x Telomeres (Goobsie Mashup),Watched Sleep Token -  Thread The Needle x Telomeres (Goobsie Mashup),Goobsie,https://music.youtube.com/watch?v=EDfPKFiKOAc
title_split,2025-10-18T08:09:50.633Z,1760774990,Billie Eilish vs Sleep Token,When The Party's Over x When The Party's Over (Goobsie Mashup),Watched Billie Eilish vs Sleep Token - When The Party's Over x When The Party's Over (Goobsie Mashup),Goobsie,https://music.youtube.com/watch?v=YEsHGWhI0y4
title_split,2025-10-18T08:00:28.246Z,1760774428,TNDNBTG x Euclid x Infinite Baths x Dark Signs x Look to Windward (Goobsie Mashup),INSTRUMENTAL,Watched TNDNBTG x Euclid x Infinite Baths x Dark Signs x Look to Windward (Goobsie Mashup) - INSTRUMENTAL,Goobsie,https://music.youtube.com/watch?v=Fc-gIs6MvOI
title_split,2025-10-18T07:56:12.304Z,1760774172,Sleep Token,Drag Me Under x Even In Arcadia (Goobsie Mashup),Watched Sleep Token - Drag Me Under x Even In Arcadia (Goobsie Mashup),Goobsie,https://music.youtube.com/watch?v=d-wVu_GmOWI
title_split,2025-10-18T07:42:47.106Z,1760773367,Sleep Token vs The Midnight,Caramel x Shadowverse (Goobsie Mashup),Watched Sleep Token vs The Midnight - Caramel x Shadowverse (Goobsie Mashup),Goobsie,https://music.youtube.com/watch?v=5JdBKTYpu5w
title_split,2025-10-18T07:38:32.928Z,1760773112,Sleep Token vs The Midnight,Blood Sport x Aerostar (Goobsie Mashup),Watched Sleep Token vs The Midnight - Blood Sport x Aerostar (Goobsie Mashup),Goobsie,https://music.youtube.com/watch?v=LT5gTwOLgaM
title_split,2025-10-18T07:33:49.982Z,1760772829,Sleep Token vs The Midnight,Calcutta x Loved By You (Goobsie Mashup),Watched Sleep Token vs The Midnight - Calcutta x Loved By You (Goobsie Mashup),Goobsie,https://music.youtube.com/watch?v=UjOB5rZqK80
title_split,2025-10-18T07:30:18.031Z,1760772618,Sleep Token,Thread The Needle x Thread The Needle (Piano) [Goobsie Edit],Watched Sleep Token - Thread The Needle x Thread The Needle (Piano) [Goobsie Edit],Goobsie,https://music.youtube.com/watch?v=wsyKzen5RLQ
title_split,2025-10-18T07:25:47.118Z,1760772347,Sleep Token,Provider x Euclid x Mine (Goobsie Mashup),Watched Sleep Token - Provider x Euclid x Mine (Goobsie Mashup),Goobsie,https://music.youtube.com/watch?v=z6nM6LwBLT8
title_split,2025-10-18T07:22:10.198Z,1760772130,Sleep Token vs Aqua,Past Self x Barbie Girl (Goobsie Mashup),Watched Sleep Token vs Aqua - Past Self x Barbie Girl (Goobsie Mashup),Goobsie,https://music.youtube.com/watch?v=QdeW3hZBfn0
title_split,2025-10-18T07:17:49.593Z,1760771869,Sleep Token vs Saja Boys,Caramel x Your Idol (Goobsie Flipped Mashup),Watched Sleep Token vs Saja Boys - Caramel x Your Idol (Goobsie Flipped Mashup),Goobsie,https://music.youtube.com/watch?v=U2y2k9u0LdE
title_split,2025-10-18T07:14:10.890Z,1760771650,Sleep Token vs Spice Girls,Provider x Wannabe (Goobsie Mashup),Watched Sleep Token vs Spice Girls - Provider x Wannabe (Goobsie Mashup),Goobsie,https://music.youtube.com/watch?v=NNyaOud6Xg0
title_split,2025-10-18T07:05:49.870Z,1760771149,Sleep Token,Infinite Baths x The Love You Want (Goobsie Mashup),Watched Sleep Token - Infinite Baths x The Love You Want (Goobsie Mashup),Goobsie,https://music.youtube.com/watch?v=-czoql1eWLQ
title_split,2025-10-18T06:59:31.504Z,1760770771,Sleep Token vs GUNSHIP,Euclid x Tech Noir 2 (Goobsie Mashup),Watched Sleep Token vs GUNSHIP - Euclid x Tech Noir 2 (Goobsie Mashup),Goobsie,https://music.youtube.com/watch?v=aFsStCI9F_Y
title_split,2025-10-18T06:54:46.796Z,1760770486,Sleep Token vs The Midnight,Even In Arcadia x Arcade Dreams (Goobsie Mashup),Watched Sleep Token vs The Midnight - Even In Arcadia x Arcade Dreams (Goobsie Mashup),Goobsie,https://music.youtube.com/watch?v=MD9wVrX3nqE
title_split,2025-10-18T06:51:45.596Z,1760770305,Sleep Token vs Alice Deejay,Damocles x Better Off Alone (Goobsie Mashup),Watched Sleep Token vs Alice Deejay - Damocles x Better Off Alone (Goobsie Mashup),Goobsie,https://music.youtube.com/watch?v=0h2JcyGNhXs
title_split,2025-10-18T06:44:09.272Z,1760769849,Sleep Token,Provider x Gethsemane (Goobsie Mashup),Watched Sleep Token - Provider x Gethsemane (Goobsie Mashup),Goobsie,https://music.youtube.com/watch?v=tzWy7ivmwkg
title_split,2025-10-18T06:40:01.622Z,1760769601,Sleep Token vs Peter Gabriel,Infinite Baths x The Book of Love (Goobsie Mashup),Watched Sleep Token vs Peter Gabriel - Infinite Baths x The Book of Love (Goobsie Mashup),Goobsie,https://music.youtube.com/watch?v=6lg51vuJ2MU
title_split,2025-10-18T06:35:03.019Z,1760769303,Sleep Token vs The Weeknd,Ascensionism x The Hills (Goobsie Mashup),Watched Sleep Token vs The Weeknd - Ascensionism x The Hills (Goobsie Mashup),Goobsie,https://music.youtube.com/watch?v=4lUDwTOa3Wc
title_split,2025-10-18T06:28:41.006Z,1760768921,Sleep Token,The Night Does Not Belong To God x Euclid (Goobsie Mashup),Watched Sleep Token - The Night Does Not Belong To God x Euclid (Goobsie Mashup),Goobsie,https://music.youtube.com/watch?v=kLw3d5z0PVA
subtitle_fallback,2025-10-15T10:47:43.843Z,1760525263,Yellow Brick Cinema - Relaxing Music,"8 Hours Music for Sleeping, Soothing Music, Stress Relief, Go to Sleep, Background Music, ✿3281C","Watched 8 Hours Music for Sleeping, Soothing Music, Stress Relief, Go to Sleep, Background Music, ✿3281C",Yellow Brick Cinema - Relaxing Music,https://music.youtube.com/watch?v=838Wn6bxMRs
subtitle_fallback,2025-10-15T03:39:42.264Z,1760499582,Yellow Brick Cinema - Relaxing Music,"8 Hours Music for Sleeping, Soothing Music, Stress Relief, Go to Sleep, Background Music, ✿3281C","Watched 8 Hours Music for Sleeping, Soothing Music, Stress Relief, Go to Sleep, Background Music, ✿3281C",Yellow Brick Cinema - Relaxing Music,https://music.youtube.com/watch?v=838Wn6bxMRs
title_split,2025-09-10T02:48:58.869Z,1757472538,NOVELISTS,All For Nothing (Official Music Video),Watched NOVELISTS - All For Nothing (Official Music Video),Novelists,https://music.youtube.com/watch?v=qF24UojtJPc
subtitle_fallback,2025-09-10T02:19:28.034Z,1757470768,Music Library Uploads,A New Day,Watched A New Day,Music Library Uploads,https://music.youtube.com/watch?v=yq7GZBY2n9s
subtitle_fallback,2025-09-10T02:16:47.580Z,1757470607,Music Library Uploads,Higher Now,Watched Higher Now,Music Library Uploads,https://music.youtube.com/watch?v=iHcVaJWhjOE
subtitle_fallback,2025-09-09T22:28:25.808Z,1757456905,Music Library Uploads,Stuck Here Waiting,Watched Stuck Here Waiting,Music Library Uploads,https://music.youtube.com/watch?v=5yUjhVa4nZ0
subtitle_fallback,2025-09-09T22:25:38.087Z,1757456738,Music Library Uploads,Broadway Girl,Watched Broadway Girl,Music Library Uploads,https://music.youtube.com/watch?v=L54gVSTaPAU
subtitle_fallback,2025-09-09T22:21:49.436Z,1757456509,Music Library Uploads,Can't Shake This Feeling,Watched Can't Shake This Feeling,Music Library Uploads,https://music.youtube.com/watch?v=w58FZ0iTFsw
subtitle_fallback,2025-09-09T22:17:43.064Z,1757456263,Music Library Uploads,Mid July,Watched Mid July,Music Library Uploads,https://music.youtube.com/watch?v=-LDKLqiOLZU
subtitle_fallback,2025-09-09T22:13:57.729Z,1757456037,Music Library Uploads,Starting Over Fresh,Watched Starting Over Fresh,Music Library Uploads,https://music.youtube.com/watch?v=jf6j9lKwDc8
subtitle_fallback,2025-09-09T22:10:27.265Z,1757455827,Music Library Uploads,What I've Let Go,Watched What I've Let Go,Music Library Uploads,https://music.youtube.com/watch?v=cSoOom_Imxc
title_split,2025-09-09T04:01:31.414Z,1757390491,Dua Lipa,New Rules (Rock Cover),Watched Dua Lipa - New Rules (Rock Cover),Alex Melton,https://music.youtube.com/watch?v=e5n84PuH0wI
title_split,2025-09-09T03:52:27.246Z,1757389947,Dua Lipa,New Rules (Rock Cover),Watched Dua Lipa - New Rules (Rock Cover),Alex Melton,https://music.youtube.com/watch?v=e5n84PuH0wI
subtitle_fallback,2025-09-09T03:44:36.171Z,1757389476,Alex Melton,If Coldplay's 'Yellow' Was An Emo Anthem,Watched If Coldplay's 'Yellow' Was An Emo Anthem,Alex Melton,https://music.youtube.com/watch?v=fv7HdsifMn0
title_split,2025-09-09T03:40:22.015Z,1757389222,Shania,You're Still The One (Pop Punk/Emo Cover),Watched Shania - You're Still The One (Pop Punk/Emo Cover),Alex Melton,https://music.youtube.com/watch?v=c3hyGK-XPZI
subtitle_fallback,2025-09-09T02:21:06.613Z,1757384466,Alex Melton,If Coldplay's 'Fix You' Was An Emo Anthem,Watched If Coldplay's 'Fix You' Was An Emo Anthem,Alex Melton,https://music.youtube.com/watch?v=b88BkR73MdI
title_split,2025-09-07T19:28:32.565Z,1757273312,American Football,Never Meant [OFFICIAL MUSIC VIDEO],Watched American Football - Never Meant [OFFICIAL MUSIC VIDEO],Polyvinyl Records,https://music.youtube.com/watch?v=_NfnXdXpjL0
title_split,2025-09-07T19:28:31.283Z,1757273311,American Football,The Summer Ends (Remastered 2024) [OFFICIAL AUDIO],Watched American Football - The Summer Ends (Remastered 2024) [OFFICIAL AUDIO],American Football,https://music.youtube.com/watch?v=hLttGjfErbg
title_split,2025-09-07T19:21:49.577Z,1757272909,For When You Can't Breathe,The Fall (Lyric Video),Watched For When You Can't Breathe - The Fall (Lyric Video),For When You Can't Breathe,https://music.youtube.com/watch?v=yIYnMXscGJI
title_split,2025-09-07T19:16:09.436Z,1757272569,Taylor Swift,"""Enchanted"" (Cover by For When You Can't Breathe x Lil Used)","Watched Taylor Swift - ""Enchanted"" (Cover by For When You Can't Breathe x Lil Used)",For When You Can't Breathe,https://music.youtube.com/watch?v=tvCjhggkjXM
title_split,2025-09-07T19:16:01.475Z,1757272561,Justin Bieber,"""Beauty and a Beat"" but it's Midwest Emo","Watched Justin Bieber - ""Beauty and a Beat"" but it's Midwest Emo",For When You Can't Breathe,https://music.youtube.com/watch?v=owkJFc4SI8s
title_split,2025-09-07T19:15:58.004Z,1757272558,For When You Can't Breathe,I Can't Get By (Lyric Video),Watched For When You Can't Breathe - I Can't Get By (Lyric Video),For When You Can't Breathe,https://music.youtube.com/watch?v=e54UBk4Gqck
subtitle_fallback,2025-09-07T19:12:28.025Z,1757272348,For When You Can't Breathe,"""Somebody That I Used To Know"" But It's Midwest Emo","Watched ""Somebody That I Used To Know"" But It's Midwest Emo",For When You Can't Breathe,https://music.youtube.com/watch?v=u5MhrF8tVEc
title_split,2025-09-07T19:12:27.370Z,1757272347,For When You Can't Breathe,Watching Over the Garden Wall With You (Lyric Video),Watched For When You Can't Breathe - Watching Over the Garden Wall With You (Lyric Video),For When You Can't Breathe,https://music.youtube.com/watch?v=PkDnmc-oELo
title_split,2025-09-07T19:08:18.167Z,1757272098,For When You Can't Breathe,Jamie All Over (Mayday Parade Cover),Watched For When You Can't Breathe - Jamie All Over (Mayday Parade Cover),For When You Can't Breathe,https://music.youtube.com/watch?v=nk8iVyqBzBU
subtitle_fallback,2025-09-07T06:06:29.725Z,1757225189,For When You Can't Breathe,songs that remind me of you | a midwest emo/emo revival mixtape,Watched songs that remind me of you | a midwest emo/emo revival mixtape,For When You Can't Breathe,https://music.youtube.com/watch?v=fzEAAd4lYSc
subtitle_fallback,2025-09-06T20:39:14.403Z,1757191154,For When You Can't Breathe,songs that remind me of you | a midwest emo/emo revival mixtape,Watched songs that remind me of you | a midwest emo/emo revival mixtape,For When You Can't Breathe,https://music.youtube.com/watch?v=fzEAAd4lYSc
title_split,2025-08-30T03:45:07.193Z,1756525507,Hayley Williams,Glum (Official Video),Watched Hayley Williams - Glum (Official Video),HayleyWilliamsVEVO,https://music.youtube.com/watch?v=iP3w2GvHNtw
title_split,2025-08-30T03:42:45.931Z,1756525365,Hayley Williams,Ice In My OJ (Official Visualizer),Watched Hayley Williams - Ice In My OJ (Official Visualizer),HayleyWilliamsVEVO,https://music.youtube.com/watch?v=9mdX3OIuJrg
title_split,2025-08-26T02:30:20.040Z,1756175420,BAD OMENS,Glass Houses (Official Music Video),Watched BAD OMENS - Glass Houses (Official Music Video),SUMERIAN,https://music.youtube.com/watch?v=08SWNL0e5Z4
title_split,2025-08-20T03:09:17.826Z,1755659357,NEONI,Catatonic (Music Video),Watched NEONI - Catatonic (Music Video),Neoni,https://music.youtube.com/watch?v=may_rdW4zDA
title_split,2025-08-19T21:13:50.313Z,1755638030,Sleep Token,TNDNBTG x Euclid x Infinite Baths x Dark Signs x Look to Windward (Goobsie Mashup),Watched Sleep Token - TNDNBTG x Euclid x Infinite Baths x Dark Signs x Look to Windward (Goobsie Mashup),Goobsie,https://music.youtube.com/watch?v=W5sgdp_Q-1I
title_split,2025-08-19T21:09:42.471Z,1755637782,Sleep Token vs Rumi & Jinu,Gethsemane x Free (Goobsie Mashup),Watched Sleep Token vs Rumi & Jinu - Gethsemane x Free (Goobsie Mashup),Goobsie,https://music.youtube.com/watch?v=frJ_GJvxg9g
title_split,2025-08-19T21:04:00.693Z,1755637440,Sleep Token,Emergence x Rain (Goobsie Mashup) [Updated],Watched Sleep Token - Emergence x Rain (Goobsie Mashup) [Updated],Goobsie,https://music.youtube.com/watch?v=m6UT08FFjWU
title_split,2025-08-19T20:59:24.082Z,1755637164,Sleep Token vs Asking Alexandria,Dangerous x Under Denver (Goobsie Mashup),Watched Sleep Token vs Asking Alexandria - Dangerous x Under Denver (Goobsie Mashup),Goobsie,https://music.youtube.com/watch?v=n_iUT2ORNSM
title_split,2025-08-19T20:52:58.101Z,1755636778,Sleep Token,Thread The Needle x Telomeres (Goobsie Mashup),Watched Sleep Token -  Thread The Needle x Telomeres (Goobsie Mashup),Goobsie,https://music.youtube.com/watch?v=EDfPKFiKOAc
title_split,2025-08-19T20:49:41.429Z,1755636581,Billie Eilish vs Sleep Token,When The Party's Over x When The Party's Over (Goobsie Mashup),Watched Billie Eilish vs Sleep Token - When The Party's Over x When The Party's Over (Goobsie Mashup),Goobsie,https://music.youtube.com/watch?v=YEsHGWhI0y4
title_split,2025-08-19T20:40:14.274Z,1755636014,TNDNBTG x Euclid x Infinite Baths x Dark Signs x Look to Windward (Goobsie Mashup),INSTRUMENTAL,Watched TNDNBTG x Euclid x Infinite Baths x Dark Signs x Look to Windward (Goobsie Mashup) - INSTRUMENTAL,Goobsie,https://music.youtube.com/watch?v=Fc-gIs6MvOI
title_split,2025-08-19T19:51:53.066Z,1755633113,Sleep Token vs Michael Salvatori,The Apparition x Deep Stone Lullaby (Goobsie Mashup),Watched Sleep Token vs Michael Salvatori - The Apparition x Deep Stone Lullaby (Goobsie Mashup),Goobsie,https://music.youtube.com/watch?v=IlnjWyArtGQ
subtitle_fallback,2025-08-17T19:50:23.975Z,1755460223,BeingAsAnOcean,"""Mediocre Shakespeare"" by Being As An Ocean","Watched ""Mediocre Shakespeare"" by Being As An Ocean",BeingAsAnOcean,https://music.youtube.com/watch?v=_T-3sBD7fRM
title_split,2025-08-17T18:53:14.928Z,1755456794,Being As An Ocean,"""Nothing, Save The Power They're Given"" (Official Video)","Watched Being As An Ocean - ""Nothing, Save The Power They're Given"" (Official Video)",BeingAsAnOcean,https://music.youtube.com/watch?v=Pf-vDgFN30c
title_split,2025-08-11T02:14:20.449Z,1754878460,Ride,Vapour Trail,Watched Ride - Vapour Trail,RideOfficial,https://music.youtube.com/watch?v=dRQwGc4qBk0
subtitle_fallback,2025-08-11T02:07:54.717Z,1754878074,my bloody valentine,my bloody valentine – only shallow (official video),Watched my bloody valentine – only shallow (official video),my bloody valentine,https://music.youtube.com/watch?v=nwfCoKNI5hs
title_split,2025-08-08T10:53:57.958Z,1754650437,Sleep Token vs Beethoven,The Offering x Moonlight Sonata (Goobsie Mashup),Watched Sleep Token vs Beethoven - The Offering x Moonlight Sonata (Goobsie Mashup),Goobsie,https://music.youtube.com/watch?v=Fq1cvIdyv6M
title_split,2025-08-08T04:24:20.238Z,1754627060,Sleep Token,Emergence x Rain (Goobsie Mashup),Watched Sleep Token - Emergence x Rain (Goobsie Mashup),Goobsie,https://music.youtube.com/watch?v=5REgNdfw2gg
title_split,2025-08-08T04:19:37.281Z,1754626777,Sleep Token vs Chase Atlantic,The Summoning x Heaven and Back (Goobsie Mashup),Watched Sleep Token vs Chase Atlantic - The Summoning x Heaven and Back (Goobsie Mashup),Goobsie,https://music.youtube.com/watch?v=SRVBRl4C4zE
title_split,2025-08-08T04:15:00.057Z,1754626500,Sleep Token vs Borgeous,Levitate x Ruin LA (Goobsie Mashup),Watched Sleep Token vs Borgeous - Levitate x Ruin LA (Goobsie Mashup),Goobsie,https://music.youtube.com/watch?v=StV24hObMQM
title_split,2025-08-08T04:10:07.527Z,1754626207,Sleep Token vs Bastille & Audien,Euclid x Pompeii (Goobsie Mashup),Watched Sleep Token vs Bastille & Audien - Euclid x Pompeii (Goobsie Mashup),Goobsie,https://music.youtube.com/watch?v=69D8zzImi6o
subtitle_fallback,2025-08-08T04:06:15.741Z,1754625975,Goobsie,Falling in Reverse vs Sleep Token vs Dal Av & Jackson Rose (Goobsie Mashup),Watched Falling in Reverse vs Sleep Token vs Dal Av & Jackson Rose (Goobsie Mashup),Goobsie,https://music.youtube.com/watch?v=ej5Gilz-qXo
title_split,2025-08-08T04:01:24.793Z,1754625684,Sleep Token,Caramel vs The Love You Want (Goobsie Mashup),Watched Sleep Token - Caramel vs The Love You Want (Goobsie Mashup),Goobsie,https://music.youtube.com/watch?v=uOAaY6a6qNA
title_split,2025-08-08T03:55:47.422Z,1754625347,Sleep Token,Caramel x Say That You Will x TNDNBTG x The Love You Want (Goobsie Mashup),Watched Sleep Token - Caramel x Say That You Will x TNDNBTG x The Love You Want (Goobsie Mashup),Goobsie,https://music.youtube.com/watch?v=18m7UOanQoU
title_split,2025-08-08T03:51:11.464Z,1754625071,Sleep Token,Damocles vs Are You Really Okay (Goobsie Mashup),Watched Sleep Token - Damocles vs Are You Really Okay (Goobsie Mashup),Goobsie,https://music.youtube.com/watch?v=RKj8Vls6B3Y
title_split,2025-08-08T03:46:46.438Z,1754624806,Sleep Token,Damocles vs Alkaline (Goobsie Mashup),Watched Sleep Token - Damocles vs Alkaline (Goobsie Mashup),Goobsie,https://music.youtube.com/watch?v=yLle6hTBH5c
title_split,2025-08-08T03:42:14.309Z,1754624534,Sleep Token vs Bad Omens vs Dayseeker,Descending x TDOPOM x Pale Moonlight (Goobsie Mashup),Watched Sleep Token vs Bad Omens vs Dayseeker - Descending x TDOPOM x Pale Moonlight (Goobsie Mashup),Goobsie,https://music.youtube.com/watch?v=ConZu__6hzU
title_split,2025-08-08T03:37:51.287Z,1754624271,Sleep Token,Calcutta x Drag Me Under x Distraction x Hypnosis x Atlantic (Goobsie Mashup),Watched Sleep Token - Calcutta x Drag Me Under x Distraction x Hypnosis x Atlantic (Goobsie Mashup),Goobsie,https://music.youtube.com/watch?v=N5OMGHMezck
title_split,2025-08-08T03:32:16.030Z,1754623936,Sleep Token vs Gunship,Emergence x Maximum Black (Goobsie Mashup),Watched Sleep Token vs Gunship - Emergence x Maximum Black (Goobsie Mashup),Goobsie,https://music.youtube.com/watch?v=zU_E0kxVwy4
title_split,2025-08-08T03:25:20.292Z,1754623520,Sleep Token,Infinite Baths x Blood Sport x TNDNBTG x WTBB x Euclid (Goobsie Mashup),Watched Sleep Token - Infinite Baths x Blood Sport x TNDNBTG x WTBB x Euclid (Goobsie Mashup),Goobsie,https://music.youtube.com/watch?v=_-T6ngkq-y8
title_split,2025-08-08T03:21:11.860Z,1754623271,Sleep Token,Even in Arcadia x Gethsemane (Goobsie Mashup),Watched Sleep Token - Even in Arcadia x Gethsemane (Goobsie Mashup),Goobsie,https://music.youtube.com/watch?v=Ad-iPlwa9sY
title_split,2025-08-08T03:16:04.651Z,1754622964,Sleep Token,Vore x Dangerous (Goobsie Mashup),Watched Sleep Token - Vore x Dangerous (Goobsie Mashup),Goobsie,https://music.youtube.com/watch?v=9h_tYBYfk00
title_split,2025-08-08T03:09:19.034Z,1754622559,Sleep Token,Euclid x Gethsemane (Goobsie Mashup),Watched Sleep Token - Euclid x Gethsemane (Goobsie Mashup),Goobsie,https://music.youtube.com/watch?v=0slvBE_nit0
title_split,2025-08-08T02:58:14.928Z,1754621894,Sleep Token,Infinite Baths x Look to Windward (Goobsie Edit),Watched Sleep Token - Infinite Baths x Look to Windward (Goobsie Edit),Goobsie,https://music.youtube.com/watch?v=u4LHlbvbLUI
title_split,2025-08-08T02:52:26.775Z,1754621546,Sleep Token,Mine x Provider (Goobsie Mashup),Watched Sleep Token - Mine x Provider (Goobsie Mashup),Goobsie,https://music.youtube.com/watch?v=KwqQBPmqLeg
title_split,2025-08-08T02:48:22.366Z,1754621302,Sleep Token,Past Self x Give (Goobsie Mashup),Watched Sleep Token - Past Self x Give (Goobsie Mashup),Goobsie,https://music.youtube.com/watch?v=uGfDm7_WhBA
title_split,2025-08-08T02:43:43.499Z,1754621023,Sleep Token,Damocles x Fall for Me (Goobsie Mashup),Watched Sleep Token -  Damocles x Fall for Me (Goobsie Mashup),Goobsie,https://music.youtube.com/watch?v=di1JMn1dicU
title_split,2025-08-08T02:40:46.514Z,1754620846,Sleep Token vs Galleons,Past Self x DeLorean (Goobsie Mashup),Watched Sleep Token vs Galleons - Past Self x DeLorean (Goobsie Mashup),Goobsie,https://music.youtube.com/watch?v=4xzE4D4uQrg
title_split,2025-08-08T02:36:04.892Z,1754620564,Sleep Token vs Martin O'Donnell,Emergence x Never Forget (Goobsie Mashup),Watched Sleep Token vs Martin O'Donnell - Emergence x Never Forget (Goobsie Mashup),Goobsie,https://music.youtube.com/watch?v=rY3-MMt7CkQ
title_split,2025-08-08T02:33:11.240Z,1754620391,Sleep Token vs Martin O'Donnell,Emergence x Difference For Darkness (Goobsie Mashup),Watched Sleep Token vs Martin O'Donnell - Emergence x Difference For Darkness (Goobsie Mashup),Goobsie,https://music.youtube.com/watch?v=h0Fp8cFNkTc
title_split,2025-08-08T02:28:28.602Z,1754620108,Sleep Token vs Christina Perri,Look to Windward x A Thousand Years x Mine (Goobsie Mashup),Watched Sleep Token vs Christina Perri - Look to Windward x A Thousand Years x Mine (Goobsie Mashup),Goobsie,https://music.youtube.com/watch?v=61uqdPzcX7A
title_split,2025-08-08T02:24:48.748Z,1754619888,Sleep Token vs Saja Boys,Caramel x Your Idol (Goobsie Mashup),Watched Sleep Token vs Saja Boys - Caramel x Your Idol (Goobsie Mashup),Goobsie,https://music.youtube.com/watch?v=NyZLSrjv-gM
title_split,2025-08-08T02:19:50.591Z,1754619590,Sleep Token vs GUNSHIP,Provider x Fly For Your Life (Goobsie Mashup),Watched Sleep Token vs GUNSHIP - Provider x Fly For Your Life (Goobsie Mashup),Goobsie,https://music.youtube.com/watch?v=pVMO1R_xzLw
title_split,2025-08-08T02:16:35.603Z,1754619395,Sleep Token vs HUNTR/X (Huntrix),Emergence x Golden (Goobsie Mashup),Watched Sleep Token vs HUNTR/X (Huntrix) - Emergence x Golden (Goobsie Mashup),Goobsie,https://music.youtube.com/watch?v=R0_9zypnPJA
title_split,2025-08-08T02:11:25.637Z,1754619085,Sleep Token vs Dayseeker,Emergence x Creature In The Black Night (Goobsie Mashup),Watched Sleep Token vs Dayseeker - Emergence x Creature In The Black Night (Goobsie Mashup),Goobsie,https://music.youtube.com/watch?v=07wcFC1ifVE
title_split,2025-08-08T02:02:03.324Z,1754618523,Sleep Token,TNDNBTG x Euclid x Infinite Baths x Dark Signs x Look to Windward (Goobsie Mashup),Watched Sleep Token - TNDNBTG x Euclid x Infinite Baths x Dark Signs x Look to Windward (Goobsie Mashup),Goobsie,https://music.youtube.com/watch?v=W5sgdp_Q-1I
title_split,2025-08-08T01:57:55.446Z,1754618275,Sleep Token vs Rumi & Jinu,Gethsemane x Free (Goobsie Mashup),Watched Sleep Token vs Rumi & Jinu - Gethsemane x Free (Goobsie Mashup),Goobsie,https://music.youtube.com/watch?v=frJ_GJvxg9g
title_split,2025-08-08T01:52:13.647Z,1754617933,Sleep Token,Emergence x Rain (Goobsie Mashup) [Updated],Watched Sleep Token - Emergence x Rain (Goobsie Mashup) [Updated],Goobsie,https://music.youtube.com/watch?v=m6UT08FFjWU
title_split,2025-08-08T01:47:37.050Z,1754617657,Sleep Token vs Asking Alexandria,Dangerous x Under Denver (Goobsie Mashup),Watched Sleep Token vs Asking Alexandria - Dangerous x Under Denver (Goobsie Mashup),Goobsie,https://music.youtube.com/watch?v=n_iUT2ORNSM
title_split,2025-08-08T01:41:11.077Z,1754617271,Sleep Token,Thread The Needle x Telomeres (Goobsie Mashup),Watched Sleep Token -  Thread The Needle x Telomeres (Goobsie Mashup),Goobsie,https://music.youtube.com/watch?v=EDfPKFiKOAc
title_split,2025-08-08T01:37:53.716Z,1754617073,Billie Eilish vs Sleep Token,When The Party's Over x When The Party's Over (Goobsie Mashup),Watched Billie Eilish vs Sleep Token - When The Party's Over x When The Party's Over (Goobsie Mashup),Goobsie,https://music.youtube.com/watch?v=YEsHGWhI0y4
subtitle_fallback,2025-08-03T16:34:58.649Z,1754238898,yvette young,magic hour  [emo/ambient bedtime soundbath for Hatch],Watched magic hour  [emo/ambient bedtime soundbath for Hatch],yvette young,https://music.youtube.com/watch?v=pca5ZAgiVRY
title_split,2025-08-03T06:16:11.836Z,1754201771,Yvette Young,outta sight outta mind (Official Music Video),Watched Yvette Young - outta sight outta mind (Official Music Video),yvette young,https://music.youtube.com/watch?v=0bvbYiPgW3c
subtitle_fallback,2025-08-03T06:16:07.429Z,1754201767,yvette young,parachute [acoustic version],Watched parachute [acoustic version],yvette young,https://music.youtube.com/watch?v=TET5fDHrsTA
title_split,2025-08-03T06:13:26.967Z,1754201606,yy,outta sight outta mind [stripped down session],Watched yy - outta sight outta mind [stripped down session],yvette young,https://music.youtube.com/watch?v=4zoCiofHxi8
title_split,2025-07-28T02:13:24.193Z,1753668804,Greywind,Forest Ablaze,Watched Greywind - Forest Ablaze,GreywindVEVO,https://music.youtube.com/watch?v=779hUlEt6H0
title_split,2025-07-28T02:10:47.219Z,1753668647,Greywind,Afterthoughts (Official Music Video),Watched Greywind - Afterthoughts (Official Music Video),Greywind,https://music.youtube.com/watch?v=xvqo1w06_zg
title_split,2025-07-16T22:27:18.671Z,1752704838,Good Terms,Old Friend,Watched Good Terms - Old Friend,Radial by The Orchard,https://music.youtube.com/watch?v=fVdhZw6_idM
subtitle_fallback,2025-07-16T15:05:35.124Z,1752678335,Zero Smoke,Nintendo & Friends ● 2021 Lofi Hip Hop Mix,Watched Nintendo & Friends ● 2021 Lofi Hip Hop Mix,Zero Smoke,https://music.youtube.com/watch?v=IPLfnQF2pvg
subtitle_fallback,2025-07-03T07:29:39.718Z,1751527779,Intervals,INTERVALS | LUNA[R]TIC (Official Audio),Watched INTERVALS | LUNA[R]TIC (Official Audio),Intervals,https://music.youtube.com/watch?v=fyZhbWey7Po
title_split,2025-07-03T06:08:04.644Z,1751522884,Plini,Cascade (Audio),Watched Plini - Cascade (Audio),Plini,https://music.youtube.com/watch?v=7m5XvO0Y2-Y
subtitle_fallback,2025-07-03T03:52:19.862Z,1751514739,riserecords,Dance Gavin Dance -Evaporate (Tree City Sessions 2),Watched Dance Gavin Dance -Evaporate (Tree City Sessions 2),riserecords,https://music.youtube.com/watch?v=MmzxHPfdf2M
title_split,2025-07-02T03:13:42.906Z,1751426022,Robert Smith,Yesterday's Gone,Watched Robert Smith - Yesterday's Gone,agaq,https://music.youtube.com/watch?v=L5CW7dwdL9M
title_split,2025-06-20T01:46:25.945Z,1750383985,"Lord of the Rings Music & Ambience | The Shire, A Peaceful Night in Bag End",Relaxing Evening Rain,"Watched Lord of the Rings Music & Ambience | The Shire, A Peaceful Night in Bag End - Relaxing Evening Rain",Ambient Worlds,https://music.youtube.com/watch?v=NUH36Xb7I2k
title_split,2025-06-11T02:03:38.198Z,1749607418,Bilmuri & Dylan Marlowe,EMPTYHANDED (OFFICIAL MUSIC VIDEO),Watched Bilmuri & Dylan Marlowe - EMPTYHANDED (OFFICIAL MUSIC VIDEO),Bilmuri,https://music.youtube.com/watch?v=SGTsevoF23Y
title_split,2025-06-11T02:03:34.347Z,1749607414,Bilmuri,Better Hell (OFFICIAL MUSIC VIDEO),Watched Bilmuri - Better Hell (OFFICIAL MUSIC VIDEO),Bilmuri,https://music.youtube.com/watch?v=nVEZlujnPR8
title_split,2025-06-07T14:50:44.374Z,1749307844,Matchbox Twenty,Rest Stop (VH1 Storytellers) [Live],Watched Matchbox Twenty - Rest Stop (VH1 Storytellers) [Live],Matchbox Twenty,https://music.youtube.com/watch?v=zPUF49AEVXw
subtitle_fallback,2025-05-25T17:45:51.225Z,1748195151,Michael Sembello (The Master),Michael Sembello   Maniac,Watched Michael Sembello   Maniac,Michael Sembello (The Master),https://music.youtube.com/watch?v=nPSdpPMSPgg
title_split,2025-05-25T17:12:20.687Z,1748193140,Sleep Token,Euclid x Gethsemane (Goobsie Mashup),Watched Sleep Token - Euclid x Gethsemane (Goobsie Mashup),Goobsie,https://music.youtube.com/watch?v=0slvBE_nit0
title_split,2025-05-25T17:09:59.009Z,1748192999,Sleep Token vs Dayseeker,Alkaline x Pale Moonlight (Goobsie Mashup),Watched Sleep Token vs Dayseeker - Alkaline x Pale Moonlight (Goobsie Mashup),Goobsie,https://music.youtube.com/watch?v=5hfcv4TcV58
title_split,2025-05-24T16:48:45.390Z,1748105325,Sleep Token,Calcutta x Drag Me Under x Distraction x Hypnosis x Atlantic (Goobsie Mashup),Watched Sleep Token - Calcutta x Drag Me Under x Distraction x Hypnosis x Atlantic (Goobsie Mashup),Goobsie,https://music.youtube.com/watch?v=N5OMGHMezck
title_split,2025-05-24T16:41:21.104Z,1748104881,Sleep Token,Infinite Baths x Blood Sport x TNDNBTG x WTBB x Euclid (Goobsie Mashup),Watched Sleep Token - Infinite Baths x Blood Sport x TNDNBTG x WTBB x Euclid (Goobsie Mashup),Goobsie,https://music.youtube.com/watch?v=_-T6ngkq-y8
title_split,2025-05-24T16:37:12.592Z,1748104632,Sleep Token,Even in Arcadia x Gethsemane (Goobsie Mashup),Watched Sleep Token - Even in Arcadia x Gethsemane (Goobsie Mashup),Goobsie,https://music.youtube.com/watch?v=Ad-iPlwa9sY
title_split,2025-05-24T16:26:08.539Z,1748103968,Sleep Token,Infinite Baths x Look to Windward (Goobsie Edit),Watched Sleep Token - Infinite Baths x Look to Windward (Goobsie Edit),Goobsie,https://music.youtube.com/watch?v=u4LHlbvbLUI
title_split,2025-05-24T16:23:01.310Z,1748103781,Sleep Token vs Dayseeker,Alkaline x Pale Moonlight (Goobsie Mashup),Watched Sleep Token vs Dayseeker - Alkaline x Pale Moonlight (Goobsie Mashup),Goobsie,https://music.youtube.com/watch?v=5hfcv4TcV58
title_split,2025-05-24T16:19:01.383Z,1748103541,Bad Omens x Dayseeker x Sleep Token,Just Pretend vs Sleeptalk vs Rain (Goobsie Mashup),Watched Bad Omens x Dayseeker x Sleep Token - Just Pretend vs Sleeptalk vs Rain (Goobsie Mashup),Goobsie,https://music.youtube.com/watch?v=YEw6rKoAxNU
title_split,2025-05-24T16:13:20.579Z,1748103200,Sleep Token,Damocles vs Are You Really Okay (Goobsie Mashup),Watched Sleep Token - Damocles vs Are You Really Okay (Goobsie Mashup),Goobsie,https://music.youtube.com/watch?v=RKj8Vls6B3Y
title_split,2025-05-24T05:34:17.637Z,1748064857,Sleep Token,Damocles vs Alkaline (Goobsie Mashup),Watched Sleep Token - Damocles vs Alkaline (Goobsie Mashup),Goobsie,https://music.youtube.com/watch?v=yLle6hTBH5c
title_split,2025-05-24T05:29:45.127Z,1748064585,Sleep Token vs Bad Omens vs Dayseeker,Descending x TDOPOM x Pale Moonlight (Goobsie Mashup),Watched Sleep Token vs Bad Omens vs Dayseeker - Descending x TDOPOM x Pale Moonlight (Goobsie Mashup),Goobsie,https://music.youtube.com/watch?v=ConZu__6hzU
no_artist,2025-05-23T11:09:15.898Z,1747998555,,https://music.youtube.com/watch?v=i8ENmmg7iek,Watched https://music.youtube.com/watch?v=i8ENmmg7iek,,https://music.youtube.com/watch?v=i8ENmmg7iek
no_artist,2025-05-23T10:58:15.664Z,1747997895,,https://music.youtube.com/watch?v=Quial8ERCkc,Watched https://music.youtube.com/watch?v=Quial8ERCkc,,https://music.youtube.com/watch?v=Quial8ERCkc
no_artist,2025-05-20T19:53:09.506Z,1747770789,,https://music.youtube.com/watch?v=Quial8ERCkc,Watched https://music.youtube.com/watch?v=Quial8ERCkc,,https://music.youtube.com/watch?v=Quial8ERCkc
title_split,2025-05-18T22:18:44.887Z,1747606724,Loveless,Step Back,Watched Loveless - Step Back,LOVELESS,https://music.youtube.com/watch?v=uC8fZlnqTts
no_artist,2025-05-16T20:24:24.270Z,1747427064,,https://music.youtube.com/watch?v=Quial8ERCkc,Watched https://music.youtube.com/watch?v=Quial8ERCkc,,https://music.youtube.com/watch?v=Quial8ERCkc
no_artist,2025-05-16T19:32:07.273Z,1747423927,,https://music.youtube.com/watch?v=CKH-lEMIkF8,Watched https://music.youtube.com/watch?v=CKH-lEMIkF8,,https://music.youtube.com/watch?v=CKH-lEMIkF8
title_split,2025-05-16T01:46:09.216Z,1747359969,Dance Gavin Dance,Midnight At McGuffy's (Official Music Video),Watched Dance Gavin Dance - Midnight At McGuffy's (Official Music Video),riserecords,https://music.youtube.com/watch?v=GwtCQj8VLyc
no_artist,2025-05-15T15:45:40.086Z,1747323940,,https://music.youtube.com/watch?v=CKH-lEMIkF8,Watched https://music.youtube.com/watch?v=CKH-lEMIkF8,,https://music.youtube.com/watch?v=CKH-lEMIkF8
no_artist,2025-05-14T19:52:43.106Z,1747252363,,https://music.youtube.com/watch?v=CKH-lEMIkF8,Watched https://music.youtube.com/watch?v=CKH-lEMIkF8,,https://music.youtube.com/watch?v=CKH-lEMIkF8
no_artist,2025-05-14T19:45:51.396Z,1747251951,,https://music.youtube.com/watch?v=cZvq8kVLX8Q,Watched https://music.youtube.com/watch?v=cZvq8kVLX8Q,,https://music.youtube.com/watch?v=cZvq8kVLX8Q
no_artist,2025-05-14T10:55:51.276Z,1747220151,,https://music.youtube.com/watch?v=LJPCiyJrU8o,Watched https://music.youtube.com/watch?v=LJPCiyJrU8o,,https://music.youtube.com/watch?v=LJPCiyJrU8o
no_artist,2025-05-13T11:06:34.903Z,1747134394,,https://music.youtube.com/watch?v=cZvq8kVLX8Q,Watched https://music.youtube.com/watch?v=cZvq8kVLX8Q,,https://music.youtube.com/watch?v=cZvq8kVLX8Q
no_artist,2025-05-13T10:58:20.040Z,1747133900,,https://music.youtube.com/watch?v=LJPCiyJrU8o,Watched https://music.youtube.com/watch?v=LJPCiyJrU8o,,https://music.youtube.com/watch?v=LJPCiyJrU8o
no_artist,2025-05-05T16:17:31.655Z,1746461851,,https://music.youtube.com/watch?v=LJPCiyJrU8o,Watched https://music.youtube.com/watch?v=LJPCiyJrU8o,,https://music.youtube.com/watch?v=LJPCiyJrU8o
no_artist,2025-05-03T13:34:38.871Z,1746279278,,https://music.youtube.com/watch?v=LJPCiyJrU8o,Watched https://music.youtube.com/watch?v=LJPCiyJrU8o,,https://music.youtube.com/watch?v=LJPCiyJrU8o
no_artist,2025-05-02T20:02:00.317Z,1746216120,,https://music.youtube.com/watch?v=LJPCiyJrU8o,Watched https://music.youtube.com/watch?v=LJPCiyJrU8o,,https://music.youtube.com/watch?v=LJPCiyJrU8o
no_artist,2025-05-02T18:57:04.567Z,1746212224,,https://music.youtube.com/watch?v=NosnnVAdsuI,Watched https://music.youtube.com/watch?v=NosnnVAdsuI,,https://music.youtube.com/watch?v=NosnnVAdsuI
no_artist,2025-04-29T19:51:43.516Z,1745956303,,https://music.youtube.com/watch?v=NosnnVAdsuI,Watched https://music.youtube.com/watch?v=NosnnVAdsuI,,https://music.youtube.com/watch?v=NosnnVAdsuI
no_artist,2025-04-28T20:16:56.352Z,1745871416,,https://music.youtube.com/watch?v=NosnnVAdsuI,Watched https://music.youtube.com/watch?v=NosnnVAdsuI,,https://music.youtube.com/watch?v=NosnnVAdsuI
no_artist,2025-04-28T20:01:37.181Z,1745870497,,https://music.youtube.com/watch?v=Y2L0RT2vc7Q,Watched https://music.youtube.com/watch?v=Y2L0RT2vc7Q,,https://music.youtube.com/watch?v=Y2L0RT2vc7Q
no_artist,2025-04-25T20:52:42.903Z,1745614362,,https://music.youtube.com/watch?v=Y2L0RT2vc7Q,Watched https://music.youtube.com/watch?v=Y2L0RT2vc7Q,,https://music.youtube.com/watch?v=Y2L0RT2vc7Q
no_artist,2025-04-25T19:48:54.225Z,1745610534,,https://music.youtube.com/watch?v=9y0k8EFz2Y8,Watched https://music.youtube.com/watch?v=9y0k8EFz2Y8,,https://music.youtube.com/watch?v=9y0k8EFz2Y8
no_artist,2025-04-25T10:56:19.549Z,1745578579,,https://music.youtube.com/watch?v=9PmQED5ixoI,Watched https://music.youtube.com/watch?v=9PmQED5ixoI,,https://music.youtube.com/watch?v=9PmQED5ixoI
title_split,2025-04-25T01:53:44.848Z,1745546024,Lowercase Noises,The Gate Beautiful,Watched Lowercase Noises - The Gate Beautiful,andy othling,https://music.youtube.com/watch?v=duyC7yLhKOw
title_split,2025-04-22T04:26:17.270Z,1745295977,Mayday Parade,By The Way (Official Music Video),Watched Mayday Parade - By The Way (Official Music Video),Mayday Parade,https://music.youtube.com/watch?v=WqM2Nh3U-04
no_artist,2025-04-21T15:59:17.626Z,1745251157,,https://music.youtube.com/watch?v=9PmQED5ixoI,Watched https://music.youtube.com/watch?v=9PmQED5ixoI,,https://music.youtube.com/watch?v=9PmQED5ixoI
title_split,2025-04-21T02:52:21.729Z,1745203941,Silent Planet,(liminal);,Watched Silent Planet - (liminal);,Solid State Records,https://music.youtube.com/watch?v=3rlZT3J5mPY
no_artist,2025-04-18T19:06:25.495Z,1745003185,,https://music.youtube.com/watch?v=9PmQED5ixoI,Watched https://music.youtube.com/watch?v=9PmQED5ixoI,,https://music.youtube.com/watch?v=9PmQED5ixoI
no_artist,2025-04-18T10:56:05.389Z,1744973765,,https://music.youtube.com/watch?v=x6BbS9F8WpQ,Watched https://music.youtube.com/watch?v=x6BbS9F8WpQ,,https://music.youtube.com/watch?v=x6BbS9F8WpQ
title_split,2025-04-17T06:05:53.113Z,1744869953,Sleep Token,Caramel,Watched Sleep Token - Caramel,SleepTokenVEVO,https://music.youtube.com/watch?v=4iSvoQNfrrk
no_artist,2025-04-16T20:53:49.930Z,1744836829,,https://music.youtube.com/watch?v=x6BbS9F8WpQ,Watched https://music.youtube.com/watch?v=x6BbS9F8WpQ,,https://music.youtube.com/watch?v=x6BbS9F8WpQ
no_artist,2025-04-15T18:40:49.178Z,1744742449,,https://music.youtube.com/watch?v=x6BbS9F8WpQ,Watched https://music.youtube.com/watch?v=x6BbS9F8WpQ,,https://music.youtube.com/watch?v=x6BbS9F8WpQ
no_artist,2025-04-15T18:29:32.040Z,1744741772,,https://music.youtube.com/watch?v=Oiy4ISas8u0,Watched https://music.youtube.com/watch?v=Oiy4ISas8u0,,https://music.youtube.com/watch?v=Oiy4ISas8u0
no_artist,2025-04-15T00:30:18.540Z,1744677018,,https://music.youtube.com/watch?v=Oiy4ISas8u0,Watched https://music.youtube.com/watch?v=Oiy4ISas8u0,,https://music.youtube.com/watch?v=Oiy4ISas8u0
no_artist,2025-04-13T16:16:01.415Z,1744560961,,https://music.youtube.com/watch?v=Oiy4ISas8u0,Watched https://music.youtube.com/watch?v=Oiy4ISas8u0,,https://music.youtube.com/watch?v=Oiy4ISas8u0
title_split,2025-04-13T13:41:59.753Z,1744551719,Copeland,Ixora (Twin Edition) FULL ALBUM,Watched Copeland - Ixora (Twin Edition) FULL ALBUM,Franco Bozzo,https://music.youtube.com/watch?v=hmDLUKVOwhc
title_split,2025-04-13T13:40:20.582Z,1744551620,Copeland,Ixora (Original & Twin Synced) - Have I Always Loved You?,Watched Copeland - Ixora (Original & Twin Synced) - Have I Always Loved You?,F00L,https://music.youtube.com/watch?v=2IS5G2D321w
title_split,2025-04-13T13:39:32.547Z,1744551572,Copeland,Ixora TWIN and Original in sync - Have I Always Loved You?,Watched Copeland - Ixora TWIN and Original in sync - Have I Always Loved You?,Ben Dixon,https://music.youtube.com/watch?v=i7nAV0WRuKg
no_artist,2025-04-11T20:28:58.526Z,1744403338,,https://music.youtube.com/watch?v=Oiy4ISas8u0,Watched https://music.youtube.com/watch?v=Oiy4ISas8u0,,https://music.youtube.com/watch?v=Oiy4ISas8u0
no_artist,2025-04-09T20:13:25.980Z,1744229605,,https://music.youtube.com/watch?v=Oiy4ISas8u0,Watched https://music.youtube.com/watch?v=Oiy4ISas8u0,,https://music.youtube.com/watch?v=Oiy4ISas8u0
no_artist,2025-04-09T19:50:59.484Z,1744228259,,https://music.youtube.com/watch?v=iRgwGh4yZYA,Watched https://music.youtube.com/watch?v=iRgwGh4yZYA,,https://music.youtube.com/watch?v=iRgwGh4yZYA
no_artist,2025-04-07T19:40:55.751Z,1744054855,,https://music.youtube.com/watch?v=iRgwGh4yZYA,Watched https://music.youtube.com/watch?v=iRgwGh4yZYA,,https://music.youtube.com/watch?v=iRgwGh4yZYA
title_split,2025-04-06T05:28:01.560Z,1743917281,Knox,You Happened (Official Video),Watched Knox - You Happened (Official Video),Knox,https://music.youtube.com/watch?v=uDwRrDgFcfQ
title_split,2025-04-06T05:20:54.545Z,1743916854,BABYMETAL,from me to u feat. Poppy (OFFICIAL MUSIC VIDEO),Watched BABYMETAL - from me to u feat. Poppy (OFFICIAL MUSIC VIDEO),BABYMETALVEVO,https://music.youtube.com/watch?v=qayP_YUrf9I
title_split,2025-04-05T19:47:42.354Z,1743882462,Knox,Not The 1975 (Official Visualizer),Watched Knox - Not The 1975 (Official Visualizer),Knox,https://music.youtube.com/watch?v=gF0HEdinEC4
title_split,2025-04-05T19:20:42.264Z,1743880842,Knox,50/50 (Official Video),Watched Knox - 50/50 (Official Video),Knox,https://music.youtube.com/watch?v=O0-tFncX1Wg
title_split,2025-04-05T19:08:31.821Z,1743880111,Knox,"Going, Going, Gone (Official Video)","Watched Knox - Going, Going, Gone (Official Video)",Knox,https://music.youtube.com/watch?v=BqtE7MU0gu4
title_split,2025-04-05T19:06:25.447Z,1743879985,Knox,You Happened (Official Video),Watched Knox - You Happened (Official Video),Knox,https://music.youtube.com/watch?v=uDwRrDgFcfQ
no_artist,2025-04-05T14:18:37.035Z,1743862717,,https://music.youtube.com/watch?v=iRgwGh4yZYA,Watched https://music.youtube.com/watch?v=iRgwGh4yZYA,,https://music.youtube.com/watch?v=iRgwGh4yZYA
title_split,2025-04-04T23:44:53.763Z,1743810293,Sleep Token,Caramel,Watched Sleep Token - Caramel,SleepTokenVEVO,https://music.youtube.com/watch?v=4iSvoQNfrrk
no_artist,2025-04-04T13:06:56.125Z,1743772016,,https://music.youtube.com/watch?v=iRgwGh4yZYA,Watched https://music.youtube.com/watch?v=iRgwGh4yZYA,,https://music.youtube.com/watch?v=iRgwGh4yZYA
title_split,2025-03-31T01:35:24.927Z,1743384924,Underoath,Generation No Surrender (Official Music Video),Watched Underoath - Generation No Surrender (Official Music Video),UnderoathVEVO,https://music.youtube.com/watch?v=IkTyVjDtzxQ
title_split,2025-03-21T05:17:46.460Z,1742534266,NOVELISTS,Say My Name (Official Music Video),Watched NOVELISTS - Say My Name (Official Music Video),Novelists,https://music.youtube.com/watch?v=fZ-t_sK19jQ
title_split,2025-03-20T03:16:44.969Z,1742440604,Not Enough Space,Devil Left Me On Read (Official Music Video),Watched Not Enough Space - Devil Left Me On Read (Official Music Video),Thriller Records,https://music.youtube.com/watch?v=rOSexT5dRP8
title_split,2025-03-20T00:10:23.538Z,1742429423,Not Enough Space,Primitive (Official Music Video),Watched Not Enough Space - Primitive (Official Music Video),Thriller Records,https://music.youtube.com/watch?v=KST46r3EKmY
title_split,2025-03-15T04:59:31.122Z,1742014771,Korn,Freak On A Leash (Official Video),Watched Korn - Freak On A Leash (Official Video),KornVEVO,https://music.youtube.com/watch?v=jRGrNDV2mKc
title_split,2025-03-06T07:10:42.005Z,1741245042,Bad Omens vs Zedd,Just Pretend x Clarity (Goobsie Mashup),Watched Bad Omens vs Zedd - Just Pretend x Clarity (Goobsie Mashup),Goobsie,https://music.youtube.com/watch?v=UXgeihhVgeA
title_split,2025-03-06T07:07:21.783Z,1741244841,Swedish House Mafia vs Sleep Token,Dont You Worry Child x The Summoning (Goobsie Mashup),Watched Swedish House Mafia vs Sleep Token - Dont You Worry Child x The Summoning (Goobsie Mashup),Goobsie,https://music.youtube.com/watch?v=ig8vE901fhE
title_split,2025-03-06T07:02:35.923Z,1741244555,Prom Night x Forever Young,(The Midnight vs Alphaville vs David Guetta & Ava Max),Watched Prom Night x Forever Young - (The Midnight vs Alphaville vs David Guetta & Ava Max),Goobsie,https://music.youtube.com/watch?v=oACEaW7vNIE
title_split,2025-03-06T06:58:03.278Z,1741244283,BAD OMENS x DAYSEEKER,V.A.N x Without Me (Goobsie Mashup),Watched BAD OMENS x DAYSEEKER - V.A.N x Without Me (Goobsie Mashup),Goobsie,https://music.youtube.com/watch?v=98816ey39BI
title_split,2025-03-06T06:54:04.568Z,1741244044,Bad Omens x Dayseeker x Sleep Token,Just Pretend vs Sleeptalk vs Rain (Goobsie Mashup),Watched Bad Omens x Dayseeker x Sleep Token - Just Pretend vs Sleeptalk vs Rain (Goobsie Mashup),Goobsie,https://music.youtube.com/watch?v=YEw6rKoAxNU
title_split,2025-03-06T06:49:15.882Z,1741243755,Starset vs Sleep Token,Die For You x The Apparition (Goobsie Mashup),Watched Starset vs Sleep Token - Die For You x The Apparition (Goobsie Mashup),Goobsie,https://music.youtube.com/watch?v=rNRexs84qgE
title_split,2025-03-06T06:46:04.344Z,1741243564,Twenty One Pilots vs Sleep Token,The Line x Drag Me Under (Goobsie Mashup),Watched Twenty One Pilots vs Sleep Token - The Line x Drag Me Under (Goobsie Mashup),Goobsie,https://music.youtube.com/watch?v=S4CpLmXcxkg
title_split,2025-03-06T06:41:42.304Z,1741243302,Dayseeker x Sleep Token,Burial Plot vs Dark Signs (Goobsie Mashup),Watched Dayseeker x Sleep Token - Burial Plot vs Dark Signs (Goobsie Mashup),Goobsie,https://music.youtube.com/watch?v=079GTQvDcuw
title_split,2025-03-06T06:35:26.316Z,1741242926,Porter Robinson vs Sleep Token,Language x Euclid (Goobsie Mashup),Watched Porter Robinson vs Sleep Token - Language x Euclid (Goobsie Mashup),Goobsie,https://music.youtube.com/watch?v=eGXUrWnmFIg
title_split,2025-03-06T06:24:41.611Z,1741242281,Hans Zimmer vs Sleep Token,Pompeii MMXXIII x Euclid x TNDNBTG x Mine (Goobsie Mashup),Watched Hans Zimmer vs Sleep Token - Pompeii MMXXIII x Euclid x TNDNBTG x Mine (Goobsie Mashup),Goobsie,https://music.youtube.com/watch?v=7v7nreDnmDg
title_split,2025-03-06T06:20:40.402Z,1741242040,The Weeknd vs Bad Omens,Blinding Lights x Concrete Jungle (Goobsie Mashup),Watched The Weeknd vs Bad Omens - Blinding Lights x Concrete Jungle (Goobsie Mashup),Goobsie,https://music.youtube.com/watch?v=oExt5y0cFKA
title_split,2025-03-06T06:15:42.928Z,1741241742,Hans Zimmer vs Sleep Token,Time x Take Me Back to Eden (Goobsie Mashup),Watched Hans Zimmer vs Sleep Token - Time x Take Me Back to Eden (Goobsie Mashup),Goobsie,https://music.youtube.com/watch?v=2_x5_5ljKtY
title_split,2025-03-06T06:08:15.419Z,1741241295,Hans Zimmer vs Sleep Token,Day One (Interstellar Theme) x The Summoning (Goobsie Mashup),Watched Hans Zimmer vs Sleep Token - Day One (Interstellar Theme) x The Summoning (Goobsie Mashup),Goobsie,https://music.youtube.com/watch?v=esNYnINGHvM
title_split,2025-03-06T05:13:33.199Z,1741238013,Goobsie,Tech House Mix 2022,Watched Goobsie - Tech House Mix 2022,Goobsie,https://music.youtube.com/watch?v=M8svrDD1xJg
title_split,2025-03-06T05:10:11.536Z,1741237811,The Fall x Emotion Sickness,The Chainsmokers vs. Said The Sky (Goobsie Mashup) - FREE DOWNLOAD,Watched The Fall x Emotion Sickness - The Chainsmokers vs. Said The Sky (Goobsie Mashup) - FREE DOWNLOAD,Goobsie,https://music.youtube.com/watch?v=mYlCr1_XnNw
subtitle_fallback,2025-03-06T05:07:01.547Z,1741237621,Goobsie,Rollercoaster vs. Im Good vs. Finale (Goobsie Mashup) [Bleachers x Bebe Rexha x Madeon],Watched Rollercoaster vs. Im Good vs. Finale (Goobsie Mashup) [Bleachers x Bebe Rexha x Madeon],Goobsie,https://music.youtube.com/watch?v=M0v2Jipcw6M
title_split,2025-03-06T05:02:57.286Z,1741237377,Illenium vs. The Midnight,Dance Outta Love (Goobsie Mashup),Watched Illenium vs. The Midnight - Dance Outta Love (Goobsie Mashup),Goobsie,https://music.youtube.com/watch?v=xOE8Sxre3IA
subtitle_fallback,2025-03-06T05:00:05.466Z,1741237205,Goobsie,HERO x ENEMY (Martin Garrix & JVKE vs Imagine Dragons & JID) [Goobsie Mashup],Watched HERO x ENEMY (Martin Garrix & JVKE vs Imagine Dragons & JID) [Goobsie Mashup],Goobsie,https://music.youtube.com/watch?v=k7vAXzUfHtM
title_split,2025-03-06T04:56:02.449Z,1741236962,David Guetta & MORTEN vs. Bad Omens,You Can't Change Me x Just Pretend (Goobsie Mashup),Watched David Guetta & MORTEN vs. Bad Omens - You Can't Change Me x Just Pretend (Goobsie Mashup),Goobsie,https://music.youtube.com/watch?v=zKHgbwoLtV8
title_split,2025-03-06T04:52:20.223Z,1741236740,Nothing Left x Monsters (Eliminate Vs The Midnight),Goobsie Mashup,Watched Nothing Left x Monsters (Eliminate Vs The Midnight) - Goobsie Mashup,Goobsie,https://music.youtube.com/watch?v=RtGqUi0DUGY
title_split,2025-03-06T04:48:44.190Z,1741236524,LASERS,BLACKPINK x Ray Volpe x Eptic x Crankdat & RUVLO x Eliminate x Gammer (Goobsie Mashup),Watched LASERS - BLACKPINK x Ray Volpe x Eptic x Crankdat & RUVLO x Eliminate x Gammer (Goobsie Mashup),Goobsie,https://music.youtube.com/watch?v=qgS4hgSxAmA
subtitle_fallback,2025-03-06T04:30:34.846Z,1741235434,Goobsie,Goobsie's Future Rave Mashup Pack [FREE DOWNLOAD],Watched Goobsie's Future Rave Mashup Pack [FREE DOWNLOAD],Goobsie,https://music.youtube.com/watch?v=X8ewSOe6JVs
title_split,2025-03-06T04:27:06.698Z,1741235226,Bloody Love Story,Machine Gun Kelly vs Taylor Swift (Goobsie Mashup),Watched Bloody Love Story - Machine Gun Kelly vs Taylor Swift (Goobsie Mashup),Goobsie,https://music.youtube.com/watch?v=0TdDhXtVroA
title_split,2025-03-06T04:24:26.077Z,1741235066,Tiësto,The Business x The Motto x Chemicals (Goobsie Mashup),Watched Tiësto - The Business x The Motto x Chemicals (Goobsie Mashup),Goobsie,https://music.youtube.com/watch?v=ysn4TStwZzo
subtitle_fallback,2025-03-06T04:21:10.396Z,1741234870,Goobsie,Everything Goes On vs Where Are Ü Now (Goobsie Mashup),Watched Everything Goes On vs Where Are Ü Now (Goobsie Mashup),Goobsie,https://music.youtube.com/watch?v=c8OMAp5pwKo
title_split,2025-03-06T04:17:17.268Z,1741234637,Shake It Cheerleader (Metro Station vs Porter Robinson),Goobsie Mashup,Watched Shake It Cheerleader (Metro Station vs Porter Robinson) - Goobsie Mashup,Goobsie,https://music.youtube.com/watch?v=aplsVpcKbvA
title_split,2025-03-06T04:11:20.660Z,1741234280,Bad Omens vs Zedd,Just Pretend x Clarity (Goobsie Mashup),Watched Bad Omens vs Zedd - Just Pretend x Clarity (Goobsie Mashup),Goobsie,https://music.youtube.com/watch?v=UXgeihhVgeA
title_split,2025-03-06T04:08:00.458Z,1741234080,Swedish House Mafia vs Sleep Token,Dont You Worry Child x The Summoning (Goobsie Mashup),Watched Swedish House Mafia vs Sleep Token - Dont You Worry Child x The Summoning (Goobsie Mashup),Goobsie,https://music.youtube.com/watch?v=ig8vE901fhE
title_split,2025-03-06T04:03:14.578Z,1741233794,Prom Night x Forever Young,(The Midnight vs Alphaville vs David Guetta & Ava Max),Watched Prom Night x Forever Young - (The Midnight vs Alphaville vs David Guetta & Ava Max),Goobsie,https://music.youtube.com/watch?v=oACEaW7vNIE
title_split,2025-03-06T03:58:41.952Z,1741233521,BAD OMENS x DAYSEEKER,V.A.N x Without Me (Goobsie Mashup),Watched BAD OMENS x DAYSEEKER - V.A.N x Without Me (Goobsie Mashup),Goobsie,https://music.youtube.com/watch?v=98816ey39BI
title_split,2025-03-06T03:54:43.249Z,1741233283,Bad Omens x Dayseeker x Sleep Token,Just Pretend vs Sleeptalk vs Rain (Goobsie Mashup),Watched Bad Omens x Dayseeker x Sleep Token - Just Pretend vs Sleeptalk vs Rain (Goobsie Mashup),Goobsie,https://music.youtube.com/watch?v=YEw6rKoAxNU
title_split,2025-03-06T03:49:54.411Z,1741232994,Starset vs Sleep Token,Die For You x The Apparition (Goobsie Mashup),Watched Starset vs Sleep Token - Die For You x The Apparition (Goobsie Mashup),Goobsie,https://music.youtube.com/watch?v=rNRexs84qgE
title_split,2025-03-06T03:46:43.008Z,1741232803,Twenty One Pilots vs Sleep Token,The Line x Drag Me Under (Goobsie Mashup),Watched Twenty One Pilots vs Sleep Token - The Line x Drag Me Under (Goobsie Mashup),Goobsie,https://music.youtube.com/watch?v=S4CpLmXcxkg
title_split,2025-03-06T03:42:20.947Z,1741232540,Dayseeker x Sleep Token,Burial Plot vs Dark Signs (Goobsie Mashup),Watched Dayseeker x Sleep Token - Burial Plot vs Dark Signs (Goobsie Mashup),Goobsie,https://music.youtube.com/watch?v=079GTQvDcuw
title_split,2025-03-06T03:36:04.957Z,1741232164,Porter Robinson vs Sleep Token,Language x Euclid (Goobsie Mashup),Watched Porter Robinson vs Sleep Token - Language x Euclid (Goobsie Mashup),Goobsie,https://music.youtube.com/watch?v=eGXUrWnmFIg
title_split,2025-03-06T03:25:14.372Z,1741231514,Hans Zimmer vs Sleep Token,Pompeii MMXXIII x Euclid x TNDNBTG x Mine (Goobsie Mashup),Watched Hans Zimmer vs Sleep Token - Pompeii MMXXIII x Euclid x TNDNBTG x Mine (Goobsie Mashup),Goobsie,https://music.youtube.com/watch?v=7v7nreDnmDg
title_split,2025-03-06T03:21:13.244Z,1741231273,The Weeknd vs Bad Omens,Blinding Lights x Concrete Jungle (Goobsie Mashup),Watched The Weeknd vs Bad Omens - Blinding Lights x Concrete Jungle (Goobsie Mashup),Goobsie,https://music.youtube.com/watch?v=oExt5y0cFKA
title_split,2025-03-06T03:16:15.742Z,1741230975,Hans Zimmer vs Sleep Token,Time x Take Me Back to Eden (Goobsie Mashup),Watched Hans Zimmer vs Sleep Token - Time x Take Me Back to Eden (Goobsie Mashup),Goobsie,https://music.youtube.com/watch?v=2_x5_5ljKtY
title_split,2025-03-06T03:10:51.446Z,1741230651,Hans Zimmer vs Sleep Token,Day One (Interstellar Theme) x The Summoning (Goobsie Mashup),Watched Hans Zimmer vs Sleep Token - Day One (Interstellar Theme) x The Summoning (Goobsie Mashup),Goobsie,https://music.youtube.com/watch?v=esNYnINGHvM
title_split,2025-03-06T03:03:25.234Z,1741230205,The Midnight,Ultimate Mashup Vol. 4 (Goobsie Mashup),Watched The Midnight - Ultimate Mashup Vol. 4 (Goobsie Mashup),Goobsie,https://music.youtube.com/watch?v=7IvWrzO5ejQ
title_split,2025-03-06T02:58:16.827Z,1741229896,The Midnight,Ultimate Mashup Vol. 3 (Goobsie Mashup & Lyric Video),Watched The Midnight - Ultimate Mashup Vol. 3 (Goobsie Mashup & Lyric Video),Goobsie,https://music.youtube.com/watch?v=4R4jNv23DEY
title_split,2025-03-06T02:52:13.900Z,1741229533,The Midnight,Ultimate Mashup Vol. 2 (Goobsie Mashup),Watched The Midnight - Ultimate Mashup Vol. 2 (Goobsie Mashup),Goobsie,https://music.youtube.com/watch?v=Y62_c_WPs4g
title_split,2025-03-06T02:47:29.454Z,1741229249,The Midnight,The Ultimate Mashup Vol. 1 (Goobsie Mashup),Watched The Midnight - The Ultimate Mashup Vol. 1 (Goobsie Mashup),Goobsie,https://music.youtube.com/watch?v=UDIPHpKF-JQ
title_split,2025-03-02T18:55:52.575Z,1740941752,Flawed Mangoes,Mindgame (Visualizer),Watched Flawed Mangoes - Mindgame (Visualizer),Flawed Mangoes,https://music.youtube.com/watch?v=ZuiXQkqbeFg
title_split,2025-03-02T15:44:15.786Z,1740930255,Covet,falkor (full band playthrough),Watched Covet - falkor (full band playthrough),Triple Crown Records,https://music.youtube.com/watch?v=FTxSXUzc96A
title_split,2025-02-25T04:58:19.292Z,1740459499,Braden Bales,I DON'T (BUT I DO) (Lyric Video),Watched Braden Bales - I DON'T (BUT I DO) (Lyric Video),BradenBalesVEVO,https://music.youtube.com/watch?v=nyFW0nTgl5w
subtitle_fallback,2025-02-17T02:18:56.577Z,1739758736,Pure Noise Records,"Belmont ""SSX Trickmont"" (Official Music Video)","Watched Belmont ""SSX Trickmont"" (Official Music Video)",Pure Noise Records,https://music.youtube.com/watch?v=fpQz50jVxpA
title_split,2025-02-17T02:18:13.749Z,1739758693,Belmont,Pushing Daisies (Official Music Video),Watched Belmont - Pushing Daisies (Official Music Video),Mutant League Records,https://music.youtube.com/watch?v=nuYUQr9e4IM
title_split,2025-02-17T02:14:02.801Z,1739758442,Belmont,Overstepping,Watched Belmont - Overstepping,BelmontVEVO,https://music.youtube.com/watch?v=yZHu0VO1abI
title_split,2025-02-01T08:13:24.318Z,1738397604,Currents,Tremor (Sub Español),Watched Currents - Tremor (Sub Español),Valdez Franco Daniel,https://music.youtube.com/watch?v=wLhIlkXeLEw
subtitle_fallback,2024-12-31T06:58:57.698Z,1735628337,Opeth,Opeth '§4' Visualizer/Lyrics Video,Watched Opeth '§4' Visualizer/Lyrics Video,Opeth,https://music.youtube.com/watch?v=UenLRXki8KA
title_split,2024-12-31T06:54:38.410Z,1735628078,Opeth,'Paragraph Three' - Martin Mendez Bass Playthrough Video,Watched Opeth - 'Paragraph Three' - Martin Mendez Bass Playthrough Video,Opeth,https://music.youtube.com/watch?v=b_bDR0zSTlg
title_split,2024-12-31T06:41:15.049Z,1735627275,Opeth,'Paragraph One' - Martin Mendez Bass Playthrough Video,Watched Opeth - 'Paragraph One' - Martin Mendez Bass Playthrough Video,Opeth,https://music.youtube.com/watch?v=ID26BqSqkuw
title_split,2024-12-29T06:39:10.473Z,1735454350,COHEED AND CAMBRIA,THE SECOND STAGE TURBINE BLADE - 20 YEARS,Watched COHEED AND CAMBRIA - THE SECOND STAGE TURBINE BLADE - 20 YEARS,Equal Vision Records,https://music.youtube.com/watch?v=LD6qt0WuxRo
title_split,2024-12-29T05:48:50.690Z,1735451330,Bring Me The Horizon,DiE4u (Official Video),Watched Bring Me The Horizon - DiE4u (Official Video),BMTHOfficialVEVO,https://music.youtube.com/watch?v=IPUUbVhvqrE
title_split,2024-12-29T05:44:06.345Z,1735451046,Bring Me The Horizon,[ost] p.u.s.s.-e (Lyric Video),Watched Bring Me The Horizon - [ost] p.u.s.s.-e (Lyric Video),BMTHOfficialVEVO,https://music.youtube.com/watch?v=J6b4fBX1ynQ
title_split,2024-12-29T05:07:15.772Z,1735448835,Bring Me The Horizon,Top 10 staTues tHat CriEd bloOd (Official Video),Watched Bring Me The Horizon - Top 10 staTues tHat CriEd bloOd (Official Video),BMTHOfficialVEVO,https://music.youtube.com/watch?v=LxxlN_FhLac
title_split,2024-12-27T20:28:45.330Z,1735331325,Bilmuri,TALKIN' 2 UR GHOST (OFFICIAL MUSIC VIDEO),Watched Bilmuri - TALKIN' 2 UR GHOST (OFFICIAL MUSIC VIDEO),Bilmuri,https://music.youtube.com/watch?v=MW2JD0tj1jQ
title_split,2024-12-27T20:28:44.238Z,1735331324,BILMURI,DRUNK ENOUGH (OFFICIAL LYRIC VISUALIZER),Watched BILMURI - DRUNK ENOUGH (OFFICIAL LYRIC VISUALIZER),Bilmuri,https://music.youtube.com/watch?v=nbMH207TSb4
title_split,2024-12-27T20:28:34.697Z,1735331314,Bilmuri,Better Hell (OFFICIAL MUSIC VIDEO),Watched Bilmuri - Better Hell (OFFICIAL MUSIC VIDEO),Bilmuri,https://music.youtube.com/watch?v=nVEZlujnPR8
title_split,2024-12-27T20:28:31.895Z,1735331311,Bilmuri & Dylan Marlowe,EMPTYHANDED (OFFICIAL MUSIC VIDEO),Watched Bilmuri & Dylan Marlowe - EMPTYHANDED (OFFICIAL MUSIC VIDEO),Bilmuri,https://music.youtube.com/watch?v=SGTsevoF23Y
title_split,2024-12-27T20:28:28.525Z,1735331308,BILMURI,MISS ME (OFFICIAL LYRIC VISUALIZER),Watched BILMURI - MISS ME (OFFICIAL LYRIC VISUALIZER),Bilmuri,https://music.youtube.com/watch?v=whu8Yc7UZ0M
title_split,2024-12-27T20:28:25.563Z,1735331305,BILMURI,SPINNIN' YOU AROUND (OFFICIAL LYRIC VISUALIZER),Watched BILMURI - SPINNIN' YOU AROUND (OFFICIAL LYRIC VISUALIZER),Bilmuri,https://music.youtube.com/watch?v=2cRd0BwzrwI
title_split,2024-12-27T20:28:22.593Z,1735331302,BILMURI,2016 CAVALIERS (Ohio) FT. KNOX (OFFICIAL MUSIC VIDEO),Watched BILMURI - 2016 CAVALIERS (Ohio) FT. KNOX (OFFICIAL MUSIC VIDEO),Bilmuri,https://music.youtube.com/watch?v=7NCtXJPcxOk
title_split,2024-12-27T20:28:17.605Z,1735331297,BILMURI,BLINDSIDED (VISUALIZER),Watched BILMURI - BLINDSIDED (VISUALIZER),Bilmuri,https://music.youtube.com/watch?v=1mAe6gHgSrs
title_split,2024-12-26T23:12:23.432Z,1735254743,NOVELISTS,Coda (Official Music Video),Watched NOVELISTS - Coda (Official Music Video),Novelists,https://music.youtube.com/watch?v=BHKbNKPszI0
title_split,2024-12-26T05:32:40.783Z,1735191160,BRING ME THE HORIZON,Pray for Plagues,Watched BRING ME THE HORIZON - Pray for Plagues,VisibleNoiseRecords,https://music.youtube.com/watch?v=AWggPLXeOkU
subtitle_fallback,2024-12-08T21:27:59.698Z,1733693279,Sean Townsend,Chillswitch Engage II,Watched Chillswitch Engage II,Sean Townsend,https://music.youtube.com/watch?v=omynFi-yGkU
subtitle_fallback,2024-12-08T21:27:44.900Z,1733693264,Jonathan Belle,Synthwave and Chill / One Hour Driving Mix,Watched Synthwave and Chill / One Hour Driving Mix,Jonathan Belle,https://music.youtube.com/watch?v=MyOxfNN7zXs
title_split,2024-12-06T22:59:41.881Z,1733525981,Underoath,Generation No Surrender (Official Music Video),Watched Underoath - Generation No Surrender (Official Music Video),UnderoathVEVO,https://music.youtube.com/watch?v=IkTyVjDtzxQ
title_split,2024-12-03T04:12:54.132Z,1733199174,Soapbox,Gone,Watched Soapbox - Gone,Estera Madvaliev,https://music.youtube.com/watch?v=u4MHOMRgd7w
subtitle_fallback,2024-12-03T04:00:54.907Z,1733198454,lazyburger,Blindside: Act,Watched Blindside: Act,lazyburger,https://music.youtube.com/watch?v=l6tNhcTf8Cg
subtitle_fallback,2024-12-03T03:57:22.922Z,1733198242,DieByMusic,4 Light Blue Collar,Watched 4 Light Blue Collar,DieByMusic,https://music.youtube.com/watch?v=ezKO6QRg_IQ
title_split,2024-12-03T03:54:09.446Z,1733198049,November 94,Narcissus,Watched November 94 - Narcissus,collapsethestars,https://music.youtube.com/watch?v=Wq-M1OLUmsU
title_split,2024-12-02T04:42:59.023Z,1733114579,Soapbox,Gone,Watched Soapbox - Gone,Estera Madvaliev,https://music.youtube.com/watch?v=u4MHOMRgd7w
subtitle_fallback,2024-12-02T04:30:59.848Z,1733113859,lazyburger,Blindside: Act,Watched Blindside: Act,lazyburger,https://music.youtube.com/watch?v=l6tNhcTf8Cg
subtitle_fallback,2024-12-02T04:27:27.844Z,1733113647,DieByMusic,4 Light Blue Collar,Watched 4 Light Blue Collar,DieByMusic,https://music.youtube.com/watch?v=ezKO6QRg_IQ
title_split,2024-12-02T04:24:14.416Z,1733113454,November 94,Narcissus,Watched November 94 - Narcissus,collapsethestars,https://music.youtube.com/watch?v=Wq-M1OLUmsU
title_split,2024-12-02T03:58:46.798Z,1733111926,Demon Hunter,Through the Black [This Is Solid State Vol. 3],Watched Demon Hunter - Through the Black [This Is Solid State Vol. 3],ChesterShinoda,https://music.youtube.com/watch?v=poQKmZ_O25A
title_split,2024-12-02T03:55:23.923Z,1733111723,Project 86,Spy Hunter (demo version),Watched Project 86 - Spy Hunter (demo version),WithinGrace,https://music.youtube.com/watch?v=E_9c3S_tOLs
title_split,2024-11-30T03:47:36.935Z,1732938456,Focal Point,Broken Bonds,Watched Focal Point - Broken Bonds,TheXcontemptx,https://music.youtube.com/watch?v=TYRP80601Ps
title_split,2024-11-30T03:44:10.094Z,1732938250,Overcome,When Beauty Dies,Watched Overcome - When Beauty Dies,conspiracy2terminate,https://music.youtube.com/watch?v=PiC7CIEX0Po
title_split,2024-11-30T03:17:42.802Z,1732936662,Blindside,Invert,Watched Blindside - Invert,sxp2high,https://music.youtube.com/watch?v=KyIiReAdrHU
title_split,2024-11-30T03:01:02.985Z,1732935662,Embodyment,Halo of Winter,Watched Embodyment - Halo of Winter,Unhallowed17,https://music.youtube.com/watch?v=y5A_XYtO_zk
title_split,2024-11-23T19:33:23.044Z,1732390403,Eidola,The Faustian Spirit (Official Music Video),Watched Eidola - The Faustian Spirit (Official Music Video),riserecords,https://music.youtube.com/watch?v=9SBLQZhusUs
title_split,2024-11-14T02:58:38.151Z,1731553118,"Chunk! No, Captain Chunk!",Haters Gonna Hate,"Watched Chunk! No, Captain Chunk! - Haters Gonna Hate",CaptainChunkVEVO,https://music.youtube.com/watch?v=8CWmsbxULVs
title_split,2024-11-14T02:58:00.593Z,1731553080,"Chunk! No, Captain Chunk!",The Other Line (Official Music Video),"Watched Chunk! No, Captain Chunk! - The Other Line (Official Music Video)",Fearless Records,https://music.youtube.com/watch?v=ZHz2Fln_ToI
subtitle_fallback,2024-11-14T02:35:25.890Z,1731551725,Pure Noise Records,"Belmont ""SSX Trickmont"" (Official Music Video)","Watched Belmont ""SSX Trickmont"" (Official Music Video)",Pure Noise Records,https://music.youtube.com/watch?v=fpQz50jVxpA
title_split,2024-11-14T02:27:39.292Z,1731551259,Knuckle Puck,Disdain (Official Music Video),Watched Knuckle Puck - Disdain (Official Music Video),riserecords,https://music.youtube.com/watch?v=dAGcWrgYY9c
title_split,2024-11-13T03:57:27.682Z,1731470247,Knuckle Puck,"""Oak Street (Live Music Video)""","Watched Knuckle Puck - ""Oak Street (Live Music Video)""",Knuckle Puck,https://music.youtube.com/watch?v=m3qjsVLUHv8
title_split,2024-11-13T03:27:34.947Z,1731468454,Knuckle Puck,"""No Good (Official Music Video)""","Watched Knuckle Puck - ""No Good (Official Music Video)""",Knuckle Puck,https://music.youtube.com/watch?v=3l-rY1MByy0
title_split,2024-10-25T20:34:59.317Z,1729888499,Like Moths To Flames,Over The Garden Wall [Official Music Video],Watched Like Moths To Flames - Over The Garden Wall [Official Music Video],UNFD,https://music.youtube.com/watch?v=jvGBhvfTdOg
title_split,2024-10-21T20:21:36.625Z,1729542096,Underoath,Survivor's Guilt (Official Music Video),Watched Underoath - Survivor's Guilt (Official Music Video),UnderoathVEVO,https://music.youtube.com/watch?v=JaSBXZHj5lw
title_split,2024-10-20T12:58:33.060Z,1729429113,Epcot's Innoventions Area Music,DisneyAvenue.com,Watched Epcot's Innoventions Area Music - DisneyAvenue.com,Diz Avenue,https://music.youtube.com/watch?v=-zCNM1oa9Go
subtitle_fallback,2024-10-20T12:11:02.523Z,1729426262,WDWparkvideos,Epcot entrance music loop,Watched Epcot entrance music loop,WDWparkvideos,https://music.youtube.com/watch?v=_kZDScT9wz0
subtitle_fallback,2024-10-19T01:46:51.445Z,1729302411,Bilmuri,"BILMURI- ""THE END"" (OFFICIAL MUSIC VIDEO)","Watched BILMURI- ""THE END"" (OFFICIAL MUSIC VIDEO)",Bilmuri,https://music.youtube.com/watch?v=wD9UdaXcV5g
title_split,2024-10-17T02:25:58.585Z,1729131958,Poppy,they're all around us (Official Visualizer),Watched Poppy - they're all around us (Official Visualizer),Poppy,https://music.youtube.com/watch?v=EiG82CSq948
title_split,2024-10-17T02:14:05.209Z,1729131245,Poppy,the cost of giving up (Official Audio),Watched Poppy - the cost of giving up (Official Audio),Poppy,https://music.youtube.com/watch?v=tmvdlcydyO4
title_split,2024-10-05T12:45:58.031Z,1728132358,"Anatole Muster, Telemakus & Mackwood",dance with me,"Watched Anatole Muster, Telemakus & Mackwood - dance with me",Anatole Muster,https://music.youtube.com/watch?v=tKUDOjGruh8
title_split,2024-10-05T12:45:51.905Z,1728132351,Anatole Muster,blip blop beat,Watched Anatole Muster - blip blop beat,Anatole Muster,https://music.youtube.com/watch?v=VbJJnJSWxpA
subtitle_fallback,2024-10-01T16:03:48.165Z,1727798628,RainCityDrive,Rain City Drive x Dayseeker- Medicate Me  (Lyric video),Watched Rain City Drive x Dayseeker- Medicate Me  (Lyric video),RainCityDrive,https://music.youtube.com/watch?v=IA0wwoFH6Yc
title_split,2024-09-21T16:40:12.524Z,1726936812,Poppy,they're all around us (Official Visualizer),Watched Poppy - they're all around us (Official Visualizer),Poppy,https://music.youtube.com/watch?v=EiG82CSq948
title_split,2024-09-21T07:13:04.425Z,1726902784,That Poppy,Lowlife,Watched That Poppy - Lowlife,ThatPoppyVEVO,https://music.youtube.com/watch?v=lwnoSeiAFSY
title_split,2024-09-13T20:53:10.859Z,1726260790,Mirar,Dégenèse (OFFICIAL ONE TAKE VOCAL PERFOMANCE by Nikita Zhulin),Watched Mirar - Dégenèse (OFFICIAL ONE TAKE VOCAL PERFOMANCE by Nikita Zhulin),Nikita Zhulin,https://music.youtube.com/watch?v=fGjCV_eArO0
subtitle_fallback,2024-09-13T20:49:36.279Z,1726260576,IcyShadow5,Hestehov by Mirar 6* 100% FC,Watched Hestehov by Mirar 6* 100% FC,IcyShadow5,https://music.youtube.com/watch?v=bYwZkgsoMHo
title_split,2024-09-11T02:25:24.536Z,1726021524,Sabrina Carpenter,Please Please Please,Watched Sabrina Carpenter - Please Please Please,SabrinaCarpenterVEVO,https://music.youtube.com/watch?v=cF1Na4AIecM
title_split,2024-09-10T10:54:33.869Z,1725965673,Eidola,Ends Of The Spectrum (EP),Watched Eidola - Ends Of The Spectrum (EP),Red Seeds,https://music.youtube.com/watch?v=gijXTVDaBvw
title_split,2024-09-07T15:51:41.450Z,1725724301,Zero 9:36,“Nine Three Six” (Official Music Video),Watched Zero 9:36 - “Nine Three Six” (Official Music Video),Zero 9:36,https://music.youtube.com/watch?v=6r0uKs04wmw
subtitle_fallback,2024-09-04T05:15:08.953Z,1725426908,mentaldisorders,still hear ur voice in my restless dreams // shoegaze dreampop,Watched still hear ur voice in my restless dreams // shoegaze dreampop,mentaldisorders,https://music.youtube.com/watch?v=9y_xRVfJf1A
title_split,2024-09-01T05:51:35.111Z,1725169895,AURORA,Runaway,Watched AURORA - Runaway,iamAURORAVEVO,https://music.youtube.com/watch?v=d_HlPboLRL8
title_split,2024-08-29T00:57:46.676Z,1724893066,Falling In Reverse,"""Voices In My Head""","Watched Falling In Reverse - ""Voices In My Head""",Epitaph Records,https://music.youtube.com/watch?v=a7_e_NY-f3g
title_split,2024-08-29T00:54:29.546Z,1724892869,Falling In Reverse,"""Ronald"" (feat. Tech N9ne & Alex Terrible)","Watched Falling In Reverse - ""Ronald"" (feat. Tech N9ne & Alex Terrible)",Epitaph Records,https://music.youtube.com/watch?v=wWoQ7PFSYlk
title_split,2024-08-29T00:51:05.194Z,1724892665,Falling In Reverse,"""All My Life (feat. Jelly Roll)""","Watched Falling In Reverse - ""All My Life (feat. Jelly Roll)""",Epitaph Records,https://music.youtube.com/watch?v=GB9jFPUb7HA
title_split,2024-08-29T00:47:12.891Z,1724892432,Falling In Reverse,"""Popular Monster""","Watched Falling In Reverse - ""Popular Monster""",Epitaph Records,https://music.youtube.com/watch?v=jakpo7tj7Qw
title_split,2024-08-29T00:42:47.106Z,1724892167,Falling In Reverse,"""Prequel""","Watched Falling In Reverse - ""Prequel""",Epitaph Records,https://music.youtube.com/watch?v=hX0lhueeib8
title_split,2024-08-29T00:36:05.029Z,1724891765,Sleep Token,The Night Belongs To You (TNDNBTG/Euclid/Jaws mashup),Watched Sleep Token - The Night Belongs To You (TNDNBTG/Euclid/Jaws mashup),pixlate,https://music.youtube.com/watch?v=YdFgzUzb4lU
title_split,2024-08-29T00:33:13.952Z,1724891593,Sleep Token,"Fall for me, from the room below - live @ Lafayette, london UK, 29th April 2022","Watched Sleep Token - Fall for me, from the room below - live @ Lafayette, london UK, 29th April 2022",Adam Speirs,https://music.youtube.com/watch?v=sfZnKbXajJ8
title_split,2024-08-29T00:30:32.913Z,1724891432,Sleep Token,Fall For Me. (29.04.22)(Lafayette),Watched Sleep Token - Fall For Me. (29.04.22)(Lafayette),Vickz & Gigs.,https://music.youtube.com/watch?v=8ZHaPhdcJYA
title_split,2024-08-19T06:25:31.813Z,1724048731,Knox,Not The 1975 (Official Visualizer),Watched Knox - Not The 1975 (Official Visualizer),Knox,https://music.youtube.com/watch?v=gF0HEdinEC4
title_split,2024-08-19T06:22:29.146Z,1724048549,Knox,Man Down (Official Lyric Video),Watched Knox - Man Down (Official Lyric Video),Knox,https://music.youtube.com/watch?v=CxVr7APz_T0
title_split,2024-08-19T06:22:21.979Z,1724048541,Knox,Sneakers (Official Lyric Video),Watched Knox - Sneakers (Official Lyric Video),Knox,https://music.youtube.com/watch?v=OAUMRCm0AaY
title_split,2024-08-19T06:19:17.244Z,1724048357,Knox,Time Machine (Official Lyric Video),Watched Knox - Time Machine (Official Lyric Video),Knox,https://music.youtube.com/watch?v=7DyeVUSXhDU
title_split,2024-08-16T04:52:30.929Z,1723783950,Capstan,We Weren't Lucky,Watched Capstan - We Weren't Lucky,Capstan Band,https://music.youtube.com/watch?v=zl6GqZ41H0k
title_split,2024-08-16T04:49:04.630Z,1723783744,Capstan,Trust Complex,Watched Capstan - Trust Complex,Capstan Band,https://music.youtube.com/watch?v=4dcYRnO9NWk
title_split,2024-08-15T20:11:52.258Z,1723752712,Capstan,I'll Bury the Hatchet When They Bury You,Watched Capstan - I'll Bury the Hatchet When They Bury You,Fearless Records,https://music.youtube.com/watch?v=1Yb0jHvxp9M
title_split,2024-08-10T20:25:49.006Z,1723321549,Beartooth,The Better Me feat. HARDY (Visualizer),Watched Beartooth - The Better Me feat. HARDY (Visualizer),BEARTOOTHband,https://music.youtube.com/watch?v=dKTKxGwjT18
title_split,2024-08-10T11:10:36.005Z,1723288236,Sleep Token,The Night Belongs To You (TNDNBTG/Euclid/Jaws mashup),Watched Sleep Token - The Night Belongs To You (TNDNBTG/Euclid/Jaws mashup),pixlate,https://music.youtube.com/watch?v=YdFgzUzb4lU
title_split,2024-08-08T21:24:01.309Z,1723152241,NOVELISTS,Mourning The Dawn ( One-take live performance ),Watched NOVELISTS - Mourning The Dawn ( One-take live performance ),Novelists,https://music.youtube.com/watch?v=3K3e_zRFREc
title_split,2024-08-06T02:42:06.832Z,1722912126,"Two Trains Left, Chunk! No, Captain Chunk!",Sail Away (Official Music Video),"Watched Two Trains Left, Chunk! No, Captain Chunk! - Sail Away (Official Music Video)",Two Trains Left,https://music.youtube.com/watch?v=uETz1qV4la8
title_split,2024-08-05T20:09:31.619Z,1722888571,Sleep Token,The Night Belongs To You (TNDNBTG/Euclid/Jaws mashup),Watched Sleep Token - The Night Belongs To You (TNDNBTG/Euclid/Jaws mashup),pixlate,https://music.youtube.com/watch?v=YdFgzUzb4lU
title_split,2024-08-03T06:02:10.162Z,1722664930,Loathe,Is It Really You (w/Vessel from Sleep Token) - NON-ACOUSTIC,Watched Loathe - Is It Really You (w/Vessel from Sleep Token) - NON-ACOUSTIC,pixlate,https://music.youtube.com/watch?v=4Tw6EFXVMgc
title_split,2024-08-03T05:53:54.224Z,1722664434,Sleep Token,The Night Belongs To You - Euclid x The Night Does Not Belong to God Mashup,Watched Sleep Token - The Night Belongs To You - Euclid x The Night Does Not Belong to God Mashup,Compassionate Musician,https://music.youtube.com/watch?v=NzfjbGyvlkE
title_split,2024-08-03T05:49:13.465Z,1722664153,Sleep Token,The Night Belongs To You (TNDNBTG/Euclid/Jaws mashup),Watched Sleep Token - The Night Belongs To You (TNDNBTG/Euclid/Jaws mashup),pixlate,https://music.youtube.com/watch?v=YdFgzUzb4lU
subtitle_fallback,2024-07-28T19:52:46.143Z,1722196366,Sigur Rós,Sigur Rós – Glóð (Official Video),Watched Sigur Rós – Glóð (Official Video),Sigur Rós,https://music.youtube.com/watch?v=5icgrXI0H40
subtitle_fallback,2024-07-27T17:03:52.812Z,1722099832,Blacklit Canopy,Blacklit Canopy- Will (OFFICIAL MUSIC VIDEO),Watched Blacklit Canopy- Will (OFFICIAL MUSIC VIDEO),Blacklit Canopy,https://music.youtube.com/watch?v=u_-qYnJqhBU
subtitle_fallback,2024-07-26T02:46:41.770Z,1721962001,Ghost with the most,Leo Faulkner early solo works 2011-2012,Watched Leo Faulkner early solo works 2011-2012,Ghost with the most,https://music.youtube.com/watch?v=zOryvDBd2bY
subtitle_fallback,2024-07-26T02:46:09.447Z,1721961969,Bilmuri,ABSOLUTELYCRANKINMYMF'INHOG MUSIC VIDEO (merch link in description),Watched ABSOLUTELYCRANKINMYMF'INHOG MUSIC VIDEO (merch link in description),Bilmuri,https://music.youtube.com/watch?v=fXtn0as91SM
subtitle_fallback,2024-07-24T02:46:54.554Z,1721789214,Ghost with the most,Leo Faulkner early solo works 2011-2012,Watched Leo Faulkner early solo works 2011-2012,Ghost with the most,https://music.youtube.com/watch?v=zOryvDBd2bY
subtitle_fallback,2024-07-23T05:53:36.805Z,1721714016,Blacklit Canopy,Blacklit Canopy- Will (OFFICIAL MUSIC VIDEO),Watched Blacklit Canopy- Will (OFFICIAL MUSIC VIDEO),Blacklit Canopy,https://music.youtube.com/watch?v=u_-qYnJqhBU
no_artist,2024-07-20T20:36:21.001Z,1721507781,,https://music.youtube.com/watch?v=Kws2oW_61gM,Watched https://music.youtube.com/watch?v=Kws2oW_61gM,,https://music.youtube.com/watch?v=Kws2oW_61gM
no_artist,2024-07-20T19:24:32.434Z,1721503472,,https://music.youtube.com/watch?v=JD56CaIDtho,Watched https://music.youtube.com/watch?v=JD56CaIDtho,,https://music.youtube.com/watch?v=JD56CaIDtho
no_artist,2024-07-20T19:02:57.664Z,1721502177,,https://music.youtube.com/watch?v=cjX3-fjQ2mE,Watched https://music.youtube.com/watch?v=cjX3-fjQ2mE,,https://music.youtube.com/watch?v=cjX3-fjQ2mE
no_artist,2024-07-19T19:56:05.547Z,1721418965,,https://music.youtube.com/watch?v=cjX3-fjQ2mE,Watched https://music.youtube.com/watch?v=cjX3-fjQ2mE,,https://music.youtube.com/watch?v=cjX3-fjQ2mE
no_artist,2024-07-19T19:54:19.140Z,1721418859,,https://music.youtube.com/watch?v=0rQEh1DxwnM,Watched https://music.youtube.com/watch?v=0rQEh1DxwnM,,https://music.youtube.com/watch?v=0rQEh1DxwnM
no_artist,2024-07-19T19:42:14.719Z,1721418134,,https://music.youtube.com/watch?v=7RJ_995hy5k,Watched https://music.youtube.com/watch?v=7RJ_995hy5k,,https://music.youtube.com/watch?v=7RJ_995hy5k
no_artist,2024-07-15T19:41:02.447Z,1721072462,,https://music.youtube.com/watch?v=7RJ_995hy5k,Watched https://music.youtube.com/watch?v=7RJ_995hy5k,,https://music.youtube.com/watch?v=7RJ_995hy5k
title_split,2024-07-13T14:05:37.390Z,1720879537,Cassadee Pope,Three of Us (Official Video),Watched Cassadee Pope - Three of Us (Official Video),Cassadee Pope,https://music.youtube.com/watch?v=2x_DGIkGU_U
no_artist,2024-07-10T20:28:57.024Z,1720643337,,https://music.youtube.com/watch?v=cjX3-fjQ2mE,Watched https://music.youtube.com/watch?v=cjX3-fjQ2mE,,https://music.youtube.com/watch?v=cjX3-fjQ2mE
no_artist,2024-07-10T20:28:48.043Z,1720643328,,https://music.youtube.com/watch?v=HWpIoF_5sgU,Watched https://music.youtube.com/watch?v=HWpIoF_5sgU,,https://music.youtube.com/watch?v=HWpIoF_5sgU
no_artist,2024-07-10T20:28:34.132Z,1720643314,,https://music.youtube.com/watch?v=h3yBUlK3CPM,Watched https://music.youtube.com/watch?v=h3yBUlK3CPM,,https://music.youtube.com/watch?v=h3yBUlK3CPM
no_artist,2024-07-09T20:13:51.804Z,1720556031,,https://music.youtube.com/watch?v=HWpIoF_5sgU,Watched https://music.youtube.com/watch?v=HWpIoF_5sgU,,https://music.youtube.com/watch?v=HWpIoF_5sgU
no_artist,2024-07-09T19:44:13.357Z,1720554253,,https://music.youtube.com/watch?v=ckjaEFejhKc,Watched https://music.youtube.com/watch?v=ckjaEFejhKc,,https://music.youtube.com/watch?v=ckjaEFejhKc
no_artist,2024-07-08T19:54:48.625Z,1720468488,,https://music.youtube.com/watch?v=ckjaEFejhKc,Watched https://music.youtube.com/watch?v=ckjaEFejhKc,,https://music.youtube.com/watch?v=ckjaEFejhKc
no_artist,2024-07-08T10:52:21.191Z,1720435941,,https://music.youtube.com/watch?v=PsjE-WFvGT8,Watched https://music.youtube.com/watch?v=PsjE-WFvGT8,,https://music.youtube.com/watch?v=PsjE-WFvGT8
no_artist,2024-07-07T14:08:06.724Z,1720361286,,https://music.youtube.com/watch?v=PsjE-WFvGT8,Watched https://music.youtube.com/watch?v=PsjE-WFvGT8,,https://music.youtube.com/watch?v=PsjE-WFvGT8
no_artist,2024-07-06T18:35:53.970Z,1720290953,,https://music.youtube.com/watch?v=PsjE-WFvGT8,Watched https://music.youtube.com/watch?v=PsjE-WFvGT8,,https://music.youtube.com/watch?v=PsjE-WFvGT8
no_artist,2024-07-06T18:35:49.910Z,1720290949,,https://music.youtube.com/watch?v=QDx576hSgRA,Watched https://music.youtube.com/watch?v=QDx576hSgRA,,https://music.youtube.com/watch?v=QDx576hSgRA
no_artist,2024-07-06T17:41:41.244Z,1720287701,,https://music.youtube.com/watch?v=-o4CRaX_qqc,Watched https://music.youtube.com/watch?v=-o4CRaX_qqc,,https://music.youtube.com/watch?v=-o4CRaX_qqc
title_split,2024-07-04T02:27:12.074Z,1720060032,Loveless,sorry i'm a downer,Watched Loveless - sorry i'm a downer,LOVELESS,https://music.youtube.com/watch?v=P9EDgX8BlL0
title_split,2024-07-04T02:24:20.162Z,1720059860,Elley Duhé,MIDDLE OF THE NIGHT (Official Video),Watched Elley Duhé - MIDDLE OF THE NIGHT (Official Video),Elley Duhé,https://music.youtube.com/watch?v=oSHzUD-uqKY
title_split,2024-07-04T02:17:21.739Z,1720059441,Loveless,MIDDLE OF THE NIGHT (Official Music Video),Watched Loveless - MIDDLE OF THE NIGHT (Official Music Video),LOVELESS,https://music.youtube.com/watch?v=TjMPGd20Ryk
no_artist,2024-07-03T20:12:50.154Z,1720037570,,https://music.youtube.com/watch?v=-o4CRaX_qqc,Watched https://music.youtube.com/watch?v=-o4CRaX_qqc,,https://music.youtube.com/watch?v=-o4CRaX_qqc
no_artist,2024-07-03T20:12:04.440Z,1720037524,,https://music.youtube.com/watch?v=SX9KiR3fD3k,Watched https://music.youtube.com/watch?v=SX9KiR3fD3k,,https://music.youtube.com/watch?v=SX9KiR3fD3k
no_artist,2024-07-03T19:56:20.452Z,1720036580,,https://music.youtube.com/watch?v=KhcQURV0mEo,Watched https://music.youtube.com/watch?v=KhcQURV0mEo,,https://music.youtube.com/watch?v=KhcQURV0mEo
no_artist,2024-07-02T20:09:37.187Z,1719950977,,https://music.youtube.com/watch?v=KhcQURV0mEo,Watched https://music.youtube.com/watch?v=KhcQURV0mEo,,https://music.youtube.com/watch?v=KhcQURV0mEo
no_artist,2024-07-02T20:07:34.251Z,1719950854,,https://music.youtube.com/watch?v=-o4CRaX_qqc,Watched https://music.youtube.com/watch?v=-o4CRaX_qqc,,https://music.youtube.com/watch?v=-o4CRaX_qqc
no_artist,2024-07-02T19:58:13.349Z,1719950293,,https://music.youtube.com/watch?v=vAsEJ_tGbmI,Watched https://music.youtube.com/watch?v=vAsEJ_tGbmI,,https://music.youtube.com/watch?v=vAsEJ_tGbmI
title_split,2024-07-02T00:45:40.089Z,1719881140,Bilmuri,TALKIN' 2 UR GHOST (OFFICIAL MUSIC VIDEO),Watched Bilmuri - TALKIN' 2 UR GHOST (OFFICIAL MUSIC VIDEO),Bilmuri,https://music.youtube.com/watch?v=MW2JD0tj1jQ
title_split,2024-07-02T00:44:04.441Z,1719881044,Bilmuri & Dylan Marlowe,EMPTYHANDED (OFFICIAL MUSIC VIDEO),Watched Bilmuri & Dylan Marlowe - EMPTYHANDED (OFFICIAL MUSIC VIDEO),Bilmuri,https://music.youtube.com/watch?v=SGTsevoF23Y
no_artist,2024-07-01T20:00:29.445Z,1719864029,,https://music.youtube.com/watch?v=vAsEJ_tGbmI,Watched https://music.youtube.com/watch?v=vAsEJ_tGbmI,,https://music.youtube.com/watch?v=vAsEJ_tGbmI
title_split,2024-06-30T00:23:45.425Z,1719707025,BILMURI,DRUNK ENOUGH (OFFICIAL LYRIC VISUALIZER),Watched BILMURI - DRUNK ENOUGH (OFFICIAL LYRIC VISUALIZER),Bilmuri,https://music.youtube.com/watch?v=nbMH207TSb4
title_split,2024-06-30T00:21:19.023Z,1719706879,Bilmuri,TALKIN' 2 UR GHOST (OFFICIAL MUSIC VIDEO),Watched Bilmuri - TALKIN' 2 UR GHOST (OFFICIAL MUSIC VIDEO),Bilmuri,https://music.youtube.com/watch?v=MW2JD0tj1jQ
title_split,2024-06-30T00:15:19.409Z,1719706519,BILMURI,BLINDSIDED (VISUALIZER),Watched BILMURI - BLINDSIDED (VISUALIZER),Bilmuri,https://music.youtube.com/watch?v=1mAe6gHgSrs
title_split,2024-06-30T00:13:55.023Z,1719706435,Attack Attack!,Stick Stickly (Official Music Video),Watched Attack Attack! - Stick Stickly (Official Music Video),riserecords,https://music.youtube.com/watch?v=KDzt6yI3Dw8
title_split,2024-06-30T00:06:28.377Z,1719705988,BILMURI,2016 CAVALIERS (Ohio) FT. KNOX (OFFICIAL MUSIC VIDEO),Watched BILMURI - 2016 CAVALIERS (Ohio) FT. KNOX (OFFICIAL MUSIC VIDEO),Bilmuri,https://music.youtube.com/watch?v=7NCtXJPcxOk
title_split,2024-06-30T00:03:44.292Z,1719705824,BILMURI,SPINNIN' YOU AROUND (OFFICIAL LYRIC VISUALIZER),Watched BILMURI - SPINNIN' YOU AROUND (OFFICIAL LYRIC VISUALIZER),Bilmuri,https://music.youtube.com/watch?v=2cRd0BwzrwI
title_split,2024-06-30T00:00:53.152Z,1719705653,BILMURI,MISS ME (OFFICIAL LYRIC VISUALIZER),Watched BILMURI - MISS ME (OFFICIAL LYRIC VISUALIZER),Bilmuri,https://music.youtube.com/watch?v=whu8Yc7UZ0M
title_split,2024-06-29T23:58:20.822Z,1719705500,Bilmuri & Dylan Marlowe,EMPTYHANDED (OFFICIAL MUSIC VIDEO),Watched Bilmuri & Dylan Marlowe - EMPTYHANDED (OFFICIAL MUSIC VIDEO),Bilmuri,https://music.youtube.com/watch?v=SGTsevoF23Y
title_split,2024-06-29T23:55:44.333Z,1719705344,Bilmuri,Better Hell (OFFICIAL MUSIC VIDEO),Watched Bilmuri - Better Hell (OFFICIAL MUSIC VIDEO),Bilmuri,https://music.youtube.com/watch?v=nVEZlujnPR8
title_split,2024-06-28T21:38:54.420Z,1719610734,BILMURI,2016 CAVALIERS (Ohio) FT. KNOX (OFFICIAL MUSIC VIDEO),Watched BILMURI - 2016 CAVALIERS (Ohio) FT. KNOX (OFFICIAL MUSIC VIDEO),Bilmuri,https://music.youtube.com/watch?v=7NCtXJPcxOk
title_split,2024-06-28T21:30:14.833Z,1719610214,Bilmuri & Dylan Marlowe,EMPTYHANDED (OFFICIAL MUSIC VIDEO),Watched Bilmuri & Dylan Marlowe - EMPTYHANDED (OFFICIAL MUSIC VIDEO),Bilmuri,https://music.youtube.com/watch?v=SGTsevoF23Y
title_split,2024-06-28T21:28:00.415Z,1719610080,Bilmuri,Better Hell (OFFICIAL MUSIC VIDEO),Watched Bilmuri - Better Hell (OFFICIAL MUSIC VIDEO),Bilmuri,https://music.youtube.com/watch?v=nVEZlujnPR8
no_artist,2024-06-28T20:14:55.831Z,1719605695,,https://music.youtube.com/watch?v=KhcQURV0mEo,Watched https://music.youtube.com/watch?v=KhcQURV0mEo,,https://music.youtube.com/watch?v=KhcQURV0mEo
no_artist,2024-06-28T19:42:40.903Z,1719603760,,https://music.youtube.com/watch?v=GFvZvzTla9g,Watched https://music.youtube.com/watch?v=GFvZvzTla9g,,https://music.youtube.com/watch?v=GFvZvzTla9g
subtitle_fallback,2024-06-27T18:31:01.614Z,1719513061,LOVELESS,Loveless – Heart-Shaped Soul (Official Music Video),Watched Loveless – Heart-Shaped Soul (Official Music Video),LOVELESS,https://music.youtube.com/watch?v=P_2m8J5CFlM
no_artist,2024-06-26T19:52:22.239Z,1719431542,,https://music.youtube.com/watch?v=GFvZvzTla9g,Watched https://music.youtube.com/watch?v=GFvZvzTla9g,,https://music.youtube.com/watch?v=GFvZvzTla9g
no_artist,2024-06-26T10:55:01.720Z,1719399301,,https://music.youtube.com/watch?v=gHS8-R5vKw8,Watched https://music.youtube.com/watch?v=gHS8-R5vKw8,,https://music.youtube.com/watch?v=gHS8-R5vKw8
title_split,2024-06-26T04:53:15.877Z,1719377595,Movements,"""AFRAID TO DIE"" (Official Music Video)","Watched Movements - ""AFRAID TO DIE"" (Official Music Video)",Movements: Official,https://music.youtube.com/watch?v=PQxgCqWghY4
no_artist,2024-06-25T19:39:25.025Z,1719344365,,https://music.youtube.com/watch?v=gHS8-R5vKw8,Watched https://music.youtube.com/watch?v=gHS8-R5vKw8,,https://music.youtube.com/watch?v=gHS8-R5vKw8
no_artist,2024-06-25T11:05:13.017Z,1719313513,,https://music.youtube.com/watch?v=dX-Bq3X7zeE,Watched https://music.youtube.com/watch?v=dX-Bq3X7zeE,,https://music.youtube.com/watch?v=dX-Bq3X7zeE
no_artist,2024-06-25T10:54:42.629Z,1719312882,,https://music.youtube.com/watch?v=nXAbWIoPyKA,Watched https://music.youtube.com/watch?v=nXAbWIoPyKA,,https://music.youtube.com/watch?v=nXAbWIoPyKA
subtitle_fallback,2024-06-24T23:42:24.677Z,1719272544,Music Library Uploads,So Come On,Watched So Come On,Music Library Uploads,https://music.youtube.com/watch?v=ixh0aRJUZMU
subtitle_fallback,2024-06-24T23:41:55.273Z,1719272515,Music Library Uploads,Lost In The Stars,Watched Lost In The Stars,Music Library Uploads,https://music.youtube.com/watch?v=4PViQSUUJ74
subtitle_fallback,2024-06-24T23:39:09.696Z,1719272349,Music Library Uploads,This Is Our Surrender,Watched This Is Our Surrender,Music Library Uploads,https://music.youtube.com/watch?v=ZhdC22pSs7o
subtitle_fallback,2024-06-24T23:38:50.687Z,1719272330,Music Library Uploads,Letters,Watched Letters,Music Library Uploads,https://music.youtube.com/watch?v=K2BQFNMtY9Y
no_artist,2024-06-24T18:20:49.013Z,1719253249,,https://music.youtube.com/watch?v=nXAbWIoPyKA,Watched https://music.youtube.com/watch?v=nXAbWIoPyKA,,https://music.youtube.com/watch?v=nXAbWIoPyKA
title_split,2024-06-22T00:47:04.866Z,1719017224,Your Broken Hero,A Letter To Ashley [Official Music Video],Watched Your Broken Hero - A Letter To Ashley [Official Music Video],Emo's Not Dead,https://music.youtube.com/watch?v=xGo_2-XtA6I
no_artist,2024-06-21T20:34:01.578Z,1719002041,,https://music.youtube.com/watch?v=Kwt_PLz_oZE,Watched https://music.youtube.com/watch?v=Kwt_PLz_oZE,,https://music.youtube.com/watch?v=Kwt_PLz_oZE
title_split,2024-06-18T20:37:46.782Z,1718743066,Your Broken Hero,A Letter To Ashley [Official Music Video],Watched Your Broken Hero - A Letter To Ashley [Official Music Video],Emo's Not Dead,https://music.youtube.com/watch?v=xGo_2-XtA6I
no_artist,2024-06-18T19:39:08.522Z,1718739548,,https://music.youtube.com/watch?v=nXAbWIoPyKA,Watched https://music.youtube.com/watch?v=nXAbWIoPyKA,,https://music.youtube.com/watch?v=nXAbWIoPyKA
no_artist,2024-06-17T19:42:39.586Z,1718653359,,https://music.youtube.com/watch?v=NNI0bdy3Szg,Watched https://music.youtube.com/watch?v=NNI0bdy3Szg,,https://music.youtube.com/watch?v=NNI0bdy3Szg
subtitle_fallback,2024-06-17T02:09:20.755Z,1718590160,Pure Noise Records,"The Early November ""The Empress"" (Official Music Video)","Watched The Early November ""The Empress"" (Official Music Video)",Pure Noise Records,https://music.youtube.com/watch?v=6e5NbIO68CM
subtitle_fallback,2024-06-15T04:53:27.212Z,1718427207,Pure Noise Records,"Belmont ""SSX Trickmont"" (Official Music Video)","Watched Belmont ""SSX Trickmont"" (Official Music Video)",Pure Noise Records,https://music.youtube.com/watch?v=fpQz50jVxpA
no_artist,2024-06-14T19:42:11.955Z,1718394131,,https://music.youtube.com/watch?v=NNI0bdy3Szg,Watched https://music.youtube.com/watch?v=NNI0bdy3Szg,,https://music.youtube.com/watch?v=NNI0bdy3Szg
no_artist,2024-06-13T17:06:01.733Z,1718298361,,https://music.youtube.com/watch?v=SHKnTE3-vW0,Watched https://music.youtube.com/watch?v=SHKnTE3-vW0,,https://music.youtube.com/watch?v=SHKnTE3-vW0
no_artist,2024-06-12T19:49:19Z,1718221759,,https://music.youtube.com/watch?v=SHKnTE3-vW0,Watched https://music.youtube.com/watch?v=SHKnTE3-vW0,,https://music.youtube.com/watch?v=SHKnTE3-vW0
no_artist,2024-06-11T19:49:40.041Z,1718135380,,https://music.youtube.com/watch?v=SHKnTE3-vW0,Watched https://music.youtube.com/watch?v=SHKnTE3-vW0,,https://music.youtube.com/watch?v=SHKnTE3-vW0
title_split,2024-06-10T20:00:43.402Z,1718049643,Capstan,Elysian Fields,Watched Capstan - Elysian Fields,adventure cat records.,https://music.youtube.com/watch?v=388zs5XMyPM
title_split,2024-06-10T16:26:33.586Z,1718036793,Priorities,Everything Happens For A Reason,Watched Priorities - Everything Happens For A Reason,Priorities,https://music.youtube.com/watch?v=rvmBI-omY6w
title_split,2024-06-10T16:23:09.569Z,1718036589,Capstan,Steph Said You're Weird,Watched Capstan - Steph Said You're Weird,Capstan Band,https://music.youtube.com/watch?v=H4Db8TLA9NQ
title_split,2024-06-10T16:19:55.445Z,1718036395,Capstan,We Weren't Lucky,Watched Capstan - We Weren't Lucky,Capstan Band,https://music.youtube.com/watch?v=zl6GqZ41H0k
title_split,2024-06-10T16:16:29.270Z,1718036189,Capstan,Trust Complex,Watched Capstan - Trust Complex,Capstan Band,https://music.youtube.com/watch?v=4dcYRnO9NWk
title_split,2024-06-10T04:17:37.065Z,1717993057,Holding Absence,Perish (OFFICIAL MUSIC VIDEO),Watched Holding Absence - Perish (OFFICIAL MUSIC VIDEO),SharpTone Records,https://music.youtube.com/watch?v=aXv8GvkAzbs
no_artist,2024-06-07T18:35:35.526Z,1717785335,,https://music.youtube.com/watch?v=SHKnTE3-vW0,Watched https://music.youtube.com/watch?v=SHKnTE3-vW0,,https://music.youtube.com/watch?v=SHKnTE3-vW0
no_artist,2024-06-07T10:52:18.860Z,1717757538,,https://music.youtube.com/watch?v=xAlC2SePQyk,Watched https://music.youtube.com/watch?v=xAlC2SePQyk,,https://music.youtube.com/watch?v=xAlC2SePQyk
title_split,2024-06-05T22:35:33.828Z,1717626933,Future Islands,Seasons (Waiting On You) (Official Video),Watched Future Islands - Seasons (Waiting On You) (Official Video),4AD,https://music.youtube.com/watch?v=-5Ae-LhMIG0
no_artist,2024-06-05T19:33:15.487Z,1717615995,,https://music.youtube.com/watch?v=xAlC2SePQyk,Watched https://music.youtube.com/watch?v=xAlC2SePQyk,,https://music.youtube.com/watch?v=xAlC2SePQyk
title_split,2024-06-05T04:39:43.245Z,1717562383,Capstan,Empire (Official Lyric Video),Watched Capstan - Empire (Official Lyric Video),Fearless Records,https://music.youtube.com/watch?v=5OBuYuq5a_o
title_split,2024-06-05T04:35:47.006Z,1717562147,Capstan,What You Want (Official Music Video),Watched Capstan - What You Want (Official Music Video),Fearless Records,https://music.youtube.com/watch?v=cIy1UREo_0Y
title_split,2024-06-05T04:35:42.623Z,1717562142,Capstan,Moloch (Official Audio),Watched Capstan - Moloch (Official Audio),Capstan Band,https://music.youtube.com/watch?v=0Dnx5QS5Odk
title_split,2024-06-05T04:32:09.948Z,1717561929,Capstan,Wax Poetic [Official Music Video],Watched Capstan - Wax Poetic [Official Music Video],Capstan Band,https://music.youtube.com/watch?v=d1VqBzXvPnE
title_split,2024-06-05T04:28:39.209Z,1717561719,Capstan,Misery Scene (Official Music Video),Watched Capstan - Misery Scene (Official Music Video),Fearless Records,https://music.youtube.com/watch?v=wlPfHtTZPLY
title_split,2024-05-31T20:59:26.392Z,1717189166,Capstan,What You Want (Official Music Video),Watched Capstan - What You Want (Official Music Video),Fearless Records,https://music.youtube.com/watch?v=cIy1UREo_0Y
title_split,2024-05-31T20:56:21.755Z,1717188981,Capstan,Empire (Official Lyric Video),Watched Capstan - Empire (Official Lyric Video),Fearless Records,https://music.youtube.com/watch?v=5OBuYuq5a_o
title_split,2024-05-27T19:29:26.737Z,1716838166,NOVELISTS,5:12 AM [feat. PLINI & Lotti Holz] (OFFICIAL VIDEO),Watched NOVELISTS - 5:12 AM [feat. PLINI & Lotti Holz] (OFFICIAL VIDEO),Arising Empire,https://music.youtube.com/watch?v=ON8b11JUOmI
title_split,2024-05-27T19:23:49.924Z,1716837829,NOVELISTS,Okapi ( LIVE + Gospel Version ),Watched NOVELISTS - Okapi ( LIVE + Gospel Version ),Novelists,https://music.youtube.com/watch?v=6_E3sbOENWo
title_split,2024-05-27T03:13:19.468Z,1716779599,NOVELISTS,5:12 AM [feat. PLINI & Lotti Holz] (OFFICIAL VIDEO),Watched NOVELISTS - 5:12 AM [feat. PLINI & Lotti Holz] (OFFICIAL VIDEO),Arising Empire,https://music.youtube.com/watch?v=ON8b11JUOmI
title_split,2024-05-27T03:07:43.100Z,1716779263,NOVELISTS,Okapi ( LIVE + Gospel Version ),Watched NOVELISTS - Okapi ( LIVE + Gospel Version ),Novelists,https://music.youtube.com/watch?v=6_E3sbOENWo
title_split,2024-05-20T02:07:05.712Z,1716170825,The Rise Of Science,"""Just Like The Wright Bros."" (Casey's Last Phone Call) [Casey...#11]","Watched The Rise Of Science - ""Just Like The Wright Bros."" (Casey's Last Phone Call) [Casey...#11]",Cornelius Smithington,https://music.youtube.com/watch?v=V_DLhRzEupU
title_split,2024-05-20T02:02:28.810Z,1716170548,The Rise Of Science,"""Commending The Unflattery"" [Casey -CD Version- #10]","Watched The Rise Of Science - ""Commending The Unflattery"" [Casey -CD Version- #10]",Cornelius Smithington,https://music.youtube.com/watch?v=OzGwItmPqLA
title_split,2024-05-20T01:54:39.907Z,1716170079,The Rise Of Science,"""For The Greatest Ones"" (Casey's Fourth Phone Call) [Casey -CD Version- #9]","Watched The Rise Of Science - ""For The Greatest Ones"" (Casey's Fourth Phone Call) [Casey -CD Version- #9]",Cornelius Smithington,https://music.youtube.com/watch?v=w2PwqsAXKoU
title_split,2024-05-19T07:16:55.353Z,1716103015,The Rise Of Science,"""Making Up For A Long Spell Of Events"" (Casey's Third Phone Call) [Casey...#7]","Watched The Rise Of Science - ""Making Up For A Long Spell Of Events"" (Casey's Third Phone Call) [Casey...#7]",Cornelius Smithington,https://music.youtube.com/watch?v=ERB68ApFVjQ
title_split,2024-05-19T07:12:38.964Z,1716102758,The Rise Of Science,"""Shirts And Socks But No Ties"" [Casey -CD Version- #8]","Watched The Rise Of Science - ""Shirts And Socks But No Ties"" [Casey -CD Version- #8]",Cornelius Smithington,https://music.youtube.com/watch?v=fPt_qPLyQwk
title_split,2024-05-19T06:58:36.035Z,1716101916,The Rise Of Science,"""Teenage Martyr"" [Casey -CD Version- #6]","Watched The Rise Of Science - ""Teenage Martyr"" [Casey -CD Version- #6]",Cornelius Smithington,https://music.youtube.com/watch?v=o2nj5sRSGAQ
title_split,2024-05-19T06:50:46.261Z,1716101446,The Rise Of Science,"""Dark Eyes Dreaming"" (Casey's Second Phone Call) [Casey -CD Version- #5]","Watched The Rise Of Science - ""Dark Eyes Dreaming"" (Casey's Second Phone Call) [Casey -CD Version- #5]",Cornelius Smithington,https://music.youtube.com/watch?v=k5Ygz7u4xRU
title_split,2024-05-19T06:47:01.365Z,1716101221,The Rise Of Science,"""Shutters To A Stop"" [Casey -CD Version- #4]","Watched The Rise Of Science - ""Shutters To A Stop"" [Casey -CD Version- #4]",Cornelius Smithington,https://music.youtube.com/watch?v=CuuT3EHSnlk
title_split,2024-05-19T06:42:26.234Z,1716100946,The Rise Of Science,"""Shortcomings Can Be Incomplete"" [Casey -CD Version- #3]","Watched The Rise Of Science - ""Shortcomings Can Be Incomplete"" [Casey -CD Version- #3]",Cornelius Smithington,https://music.youtube.com/watch?v=ltR1H_jIuK8
title_split,2024-05-19T06:31:16.627Z,1716100276,The Rise Of Science,"""Aware And Confident"" (Casey's First Phone Call) [Casey -CD Version- #2]","Watched The Rise Of Science - ""Aware And Confident"" (Casey's First Phone Call) [Casey -CD Version- #2]",Cornelius Smithington,https://music.youtube.com/watch?v=PBmFlRsM0b4
title_split,2024-05-19T06:27:42.225Z,1716100062,The Rise Of Science,"""And I Heard It Like Burning"" [Casey -CD Version- #1]","Watched The Rise Of Science - ""And I Heard It Like Burning"" [Casey -CD Version- #1]",Cornelius Smithington,https://music.youtube.com/watch?v=UW3Bjw2v15w
title_split,2024-05-14T04:44:39.882Z,1715661879,NOVELISTS,Okapi ( LIVE + Gospel Version ),Watched NOVELISTS - Okapi ( LIVE + Gospel Version ),Novelists,https://music.youtube.com/watch?v=6_E3sbOENWo
title_split,2024-05-11T06:15:05.031Z,1715408105,Joy Division,I Remember Nothing (Official Reimagined Video),Watched Joy Division - I Remember Nothing (Official Reimagined Video),Joy Division,https://music.youtube.com/watch?v=YYo6jfIxtao
title_split,2024-05-11T06:12:34.482Z,1715407954,Joy Division,Interzone (Official Reimagined Video),Watched Joy Division - Interzone (Official Reimagined Video),Joy Division,https://music.youtube.com/watch?v=y25t6YqxDOw
title_split,2024-05-11T06:09:31.040Z,1715407771,Joy Division,Wilderness (Official Reimagined Video),Watched Joy Division - Wilderness (Official Reimagined Video),Joy Division,https://music.youtube.com/watch?v=m4X70ikWMgk
title_split,2024-05-11T06:05:33.639Z,1715407533,Joy Division,Shadowplay (Official Reimagined Video),Watched Joy Division - Shadowplay (Official Reimagined Video),Joy Division,https://music.youtube.com/watch?v=yPt3-lB5Lsc
title_split,2024-05-11T06:01:39.520Z,1715407299,Joy Division,She's Lost Control (Official Reimagined Video),Watched Joy Division - She's Lost Control (Official Reimagined Video),Joy Division,https://music.youtube.com/watch?v=s4prQ11orEM
title_split,2024-05-11T05:56:52.076Z,1715407012,Joy Division,New Dawn Fades (Official Reimagined Video),Watched Joy Division - New Dawn Fades (Official Reimagined Video),Joy Division,https://music.youtube.com/watch?v=iHC2ozNKfYA
title_split,2024-05-11T05:52:10.017Z,1715406730,Joy Division,Insight (Official Reimagined Video),Watched Joy Division - Insight (Official Reimagined Video),Joy Division,https://music.youtube.com/watch?v=qWwG42jE-Cs
title_split,2024-05-11T05:48:47.484Z,1715406527,Joy Division,Candidate (Official Reimagined Video),Watched Joy Division - Candidate (Official Reimagined Video),Joy Division,https://music.youtube.com/watch?v=YiKedNeyhns
title_split,2024-05-11T05:43:28.273Z,1715406208,Joy Division,Day Of The Lords (Official Reimagined Video),Watched Joy Division - Day Of The Lords (Official Reimagined Video),Joy Division,https://music.youtube.com/watch?v=l4npQSb7dDk
title_split,2024-05-11T05:39:45.336Z,1715405985,Joy Division,Disorder (Official Reimagined Video),Watched Joy Division - Disorder (Official Reimagined Video),Joy Division,https://music.youtube.com/watch?v=galUy3gMWpM
title_split,2024-05-11T05:27:20.581Z,1715405240,Joy Division,An Ideal For Living (EP) - 1978,Watched Joy Division - An Ideal For Living (EP) - 1978,turnitofftv,https://music.youtube.com/watch?v=06jjbIAkqUI
no_artist,2024-05-07T21:05:21.543Z,1715115921,,https://music.youtube.com/watch?v=OxnZz_n-9QI,Watched https://music.youtube.com/watch?v=OxnZz_n-9QI,,https://music.youtube.com/watch?v=OxnZz_n-9QI
title_split,2024-05-02T02:44:32.836Z,1714617872,Sienna Skies,Cut Me Off (Official Music Video),Watched Sienna Skies - Cut Me Off (Official Music Video),Sienna Skies,https://music.youtube.com/watch?v=KTvBaeoSfxs
subtitle_fallback,2024-05-02T02:40:39.558Z,1714617639,listener,Listener Wooden Heart,Watched Listener Wooden Heart,listener,https://music.youtube.com/watch?v=K8k9rD7lx9c
title_split,2024-04-27T20:53:30.402Z,1714251210,Holding Absence,Coffin,Watched Holding Absence - Coffin,SharpTone Records,https://music.youtube.com/watch?v=oykJDd4qAYk
no_artist,2024-04-26T11:32:16.180Z,1714131136,,https://music.youtube.com/watch?v=gTkuM0374Wg,Watched https://music.youtube.com/watch?v=gTkuM0374Wg,,https://music.youtube.com/watch?v=gTkuM0374Wg
no_artist,2024-04-26T10:54:02.716Z,1714128842,,https://music.youtube.com/watch?v=VCpmzZJ3a0Y,Watched https://music.youtube.com/watch?v=VCpmzZJ3a0Y,,https://music.youtube.com/watch?v=VCpmzZJ3a0Y
no_artist,2024-04-25T21:13:46.563Z,1714079626,,https://music.youtube.com/watch?v=VCpmzZJ3a0Y,Watched https://music.youtube.com/watch?v=VCpmzZJ3a0Y,,https://music.youtube.com/watch?v=VCpmzZJ3a0Y
no_artist,2024-04-24T19:37:41.911Z,1713987461,,https://music.youtube.com/watch?v=VCpmzZJ3a0Y,Watched https://music.youtube.com/watch?v=VCpmzZJ3a0Y,,https://music.youtube.com/watch?v=VCpmzZJ3a0Y
no_artist,2024-04-24T10:57:47.881Z,1713956267,,https://music.youtube.com/watch?v=3eQ_0dvb1DQ,Watched https://music.youtube.com/watch?v=3eQ_0dvb1DQ,,https://music.youtube.com/watch?v=3eQ_0dvb1DQ
no_artist,2024-04-23T19:34:42.398Z,1713900882,,https://music.youtube.com/watch?v=3eQ_0dvb1DQ,Watched https://music.youtube.com/watch?v=3eQ_0dvb1DQ,,https://music.youtube.com/watch?v=3eQ_0dvb1DQ
title_split,2024-04-17T02:49:59.362Z,1713322199,Sleep Token,The Night Belongs To You - Euclid x The Night Does Not Belong to God Mashup,Watched Sleep Token - The Night Belongs To You - Euclid x The Night Does Not Belong to God Mashup,Compassionate Musician,https://music.youtube.com/watch?v=NzfjbGyvlkE
title_split,2024-04-16T10:54:10.065Z,1713264850,The Early November,Digital Age,Watched The Early November - Digital Age,riserecords,https://music.youtube.com/watch?v=tv93ryi5LYg
title_split,2024-04-16T04:51:44.826Z,1713243104,The Early November,Nothing Lasts Forever,Watched The Early November - Nothing Lasts Forever,riserecords,https://music.youtube.com/watch?v=gKT2NLSBHfs
title_split,2024-04-16T04:47:28.554Z,1713242848,The Early November,I Don't Care,Watched The Early November - I Don't Care,riserecords,https://music.youtube.com/watch?v=2BzOpRADnew
title_split,2024-04-16T04:43:33.896Z,1713242613,The Early November,Cyanide,Watched The Early November - Cyanide,riserecords,https://music.youtube.com/watch?v=p_vNUq3Vztg
title_split,2024-04-16T04:39:51.995Z,1713242391,The Early November,Harmony,Watched The Early November - Harmony,riserecords,https://music.youtube.com/watch?v=9hd66M1_mCc
title_split,2024-04-16T04:34:54.937Z,1713242094,The Early November,Circulation,Watched The Early November - Circulation,riserecords,https://music.youtube.com/watch?v=2QZJEAxFEEw
title_split,2024-04-16T04:30:13.585Z,1713241813,The Early November,Boxing Timelines (Official Music Video),Watched The Early November - Boxing Timelines (Official Music Video),riserecords,https://music.youtube.com/watch?v=B_lDRZM2TTw
title_split,2024-04-16T04:25:57.202Z,1713241557,The Early November,The Negatives,Watched The Early November - The Negatives,riserecords,https://music.youtube.com/watch?v=kZGa01iX7Eo
title_split,2024-04-16T04:22:23.050Z,1713241343,The Early November,Magnolia,Watched The Early November - Magnolia,riserecords,https://music.youtube.com/watch?v=YW657VOL8js
title_split,2024-04-16T04:22:04.919Z,1713241324,The Early November,Better This Way (Official Music Video),Watched The Early November - Better This Way (Official Music Video),riserecords,https://music.youtube.com/watch?v=EeJUaYycUFY
title_split,2024-04-15T12:56:40.770Z,1713185800,Eidola,Mutual Fear (feat. Jon Mess) (Official Music Video),Watched Eidola - Mutual Fear (feat. Jon Mess) (Official Music Video),riserecords,https://music.youtube.com/watch?v=uXuRd9_VhXI
title_split,2024-04-10T18:15:56.407Z,1712772956,As Cities Burn,Bloodsucker Pt. II,Watched As Cities Burn - Bloodsucker Pt. II,AsCitiesBurnVEVO,https://music.youtube.com/watch?v=6IXL5ZvrDBU
no_artist,2024-04-09T13:26:12.595Z,1712669172,,https://music.youtube.com/watch?v=QvZJdlFCeH4,Watched https://music.youtube.com/watch?v=QvZJdlFCeH4,,https://music.youtube.com/watch?v=QvZJdlFCeH4
no_artist,2024-04-08T18:44:42.824Z,1712601882,,https://music.youtube.com/watch?v=QvZJdlFCeH4,Watched https://music.youtube.com/watch?v=QvZJdlFCeH4,,https://music.youtube.com/watch?v=QvZJdlFCeH4
title_split,2024-04-05T00:48:32.122Z,1712278112,Soul Glo,"""Gold Chain Punk (whogonbeatmyass?)""","Watched Soul Glo - ""Gold Chain Punk (whogonbeatmyass?)""",Epitaph Records,https://music.youtube.com/watch?v=0IaAs4D14kw
no_artist,2024-03-29T19:54:01.626Z,1711742041,,https://music.youtube.com/watch?v=9u7t3ca5alQ,Watched https://music.youtube.com/watch?v=9u7t3ca5alQ,,https://music.youtube.com/watch?v=9u7t3ca5alQ
no_artist,2024-03-26T19:43:21.843Z,1711482201,,https://music.youtube.com/watch?v=ALkzM0t0NQo,Watched https://music.youtube.com/watch?v=ALkzM0t0NQo,,https://music.youtube.com/watch?v=ALkzM0t0NQo
no_artist,2024-03-25T19:36:34.470Z,1711395394,,https://music.youtube.com/watch?v=ALkzM0t0NQo,Watched https://music.youtube.com/watch?v=ALkzM0t0NQo,,https://music.youtube.com/watch?v=ALkzM0t0NQo
title_split,2024-03-17T05:00:42.068Z,1710651642,Architects,"""Animals"" (Live at Alexandra Palace)","Watched Architects - ""Animals"" (Live at Alexandra Palace)",Architects,https://music.youtube.com/watch?v=qXbQsS9UABI
subtitle_fallback,2024-03-17T04:57:03.848Z,1710651423,SiriusXM,Beartooth — I Was Alive | LIVE Performance | SiriusXM,Watched Beartooth — I Was Alive | LIVE Performance | SiriusXM,SiriusXM,https://music.youtube.com/watch?v=DiJFMPEOLLI
no_artist,2024-03-12T19:49:34.390Z,1710272974,,https://music.youtube.com/watch?v=K2Cwo45Y6Wk,Watched https://music.youtube.com/watch?v=K2Cwo45Y6Wk,,https://music.youtube.com/watch?v=K2Cwo45Y6Wk
no_artist,2024-03-11T19:45:16.344Z,1710186316,,https://music.youtube.com/watch?v=K2Cwo45Y6Wk,Watched https://music.youtube.com/watch?v=K2Cwo45Y6Wk,,https://music.youtube.com/watch?v=K2Cwo45Y6Wk
title_split,2024-03-01T16:31:04.394Z,1709310664,Taylor Swift,…Ready For It?,Watched Taylor Swift - …Ready For It?,Taylor Swift,https://music.youtube.com/watch?v=wIft-t-MQuE
no_artist,2024-02-28T20:57:15.400Z,1709153835,,https://music.youtube.com/watch?v=UrbAkoZgfuU,Watched https://music.youtube.com/watch?v=UrbAkoZgfuU,,https://music.youtube.com/watch?v=UrbAkoZgfuU
subtitle_fallback,2024-02-21T12:04:41.082Z,1708517081,Music Library Uploads,Cold Cash and Colder Hearts,Watched Cold Cash and Colder Hearts,Music Library Uploads,https://music.youtube.com/watch?v=-0hFqn8TG_0
no_artist,2024-02-21T11:57:22.393Z,1708516642,,https://music.youtube.com/watch?v=JKuDHxpYvys,Watched https://music.youtube.com/watch?v=JKuDHxpYvys,,https://music.youtube.com/watch?v=JKuDHxpYvys
no_artist,2024-02-20T22:02:24.465Z,1708466544,,https://music.youtube.com/watch?v=JKuDHxpYvys,Watched https://music.youtube.com/watch?v=JKuDHxpYvys,,https://music.youtube.com/watch?v=JKuDHxpYvys
title_split,2024-02-16T07:24:37.226Z,1708068277,Invent Animate,Immolation Of Night [Official Music Video],Watched Invent Animate - Immolation Of Night [Official Music Video],UNFD,https://music.youtube.com/watch?v=1iwNEukbK48
title_split,2024-02-16T05:00:26.542Z,1708059626,Holding Absence,The Angel In The Marble,Watched Holding Absence - The Angel In The Marble,SharpTone Records,https://music.youtube.com/watch?v=uVmLSC85ztE
title_split,2024-02-16T04:57:28.362Z,1708059448,Holding Absence,Death Nonetheless,Watched Holding Absence - Death Nonetheless,SharpTone Records,https://music.youtube.com/watch?v=enzEw4TYNiA
no_artist,2024-02-14T12:00:33.900Z,1707912033,,https://music.youtube.com/watch?v=OV4kUHpQL_o,Watched https://music.youtube.com/watch?v=OV4kUHpQL_o,,https://music.youtube.com/watch?v=OV4kUHpQL_o
no_artist,2024-02-13T21:45:13.575Z,1707860713,,https://music.youtube.com/watch?v=OV4kUHpQL_o,Watched https://music.youtube.com/watch?v=OV4kUHpQL_o,,https://music.youtube.com/watch?v=OV4kUHpQL_o
title_split,2024-02-05T16:51:57.277Z,1707151917,Attack Attack!,Stick Stickly (Official Music Video),Watched Attack Attack! - Stick Stickly (Official Music Video),riserecords,https://music.youtube.com/watch?v=KDzt6yI3Dw8
title_split,2024-02-04T04:35:22.420Z,1707021322,Holding Absence,Perish (OFFICIAL MUSIC VIDEO),Watched Holding Absence - Perish (OFFICIAL MUSIC VIDEO),SharpTone Records,https://music.youtube.com/watch?v=aXv8GvkAzbs
title_split,2024-02-04T04:34:46.718Z,1707021286,Holding Absence,Gravity (OFFICIAL MUSIC VIDEO),Watched Holding Absence - Gravity (OFFICIAL MUSIC VIDEO),SharpTone Records,https://music.youtube.com/watch?v=3R1qRo2jh7M
title_split,2024-02-04T04:31:15.744Z,1707021075,Alpha Wolf feat. Holding Absence,60cm of Steel,Watched Alpha Wolf feat. Holding Absence - 60cm of Steel,SharpTone Records,https://music.youtube.com/watch?v=2Wln_vYHkCA
title_split,2024-02-04T04:27:22.011Z,1707020842,Holding Absence,A Crooked Melody,Watched Holding Absence - A Crooked Melody,SharpTone Records,https://music.youtube.com/watch?v=4guUJmAnld4
title_split,2024-02-04T04:23:31.161Z,1707020611,Holding Absence,Afterlife (OFFICIAL MUSIC VIDEO),Watched Holding Absence - Afterlife (OFFICIAL MUSIC VIDEO),SharpTone Records,https://music.youtube.com/watch?v=qfe8NvYSPmY
subtitle_fallback,2024-02-03T22:09:20.018Z,1706998160,Music Library Uploads,Heart Is Hard To Find,Watched Heart Is Hard To Find,Music Library Uploads,https://music.youtube.com/watch?v=eXK9u_Clg78
subtitle_fallback,2024-02-02T04:23:22.496Z,1706847802,Pure Noise Records,"State Champs ""Secrets"" (Official Music Video)","Watched State Champs ""Secrets"" (Official Music Video)",Pure Noise Records,https://music.youtube.com/watch?v=pVY0G-uJCBo
subtitle_fallback,2024-01-25T23:24:40.495Z,1706225080,Alex Melton,If Lizzy McAlpine's 'Ceilings' Was An Emo Anthem,Watched If Lizzy McAlpine's 'Ceilings' Was An Emo Anthem,Alex Melton,https://music.youtube.com/watch?v=3IPn_yyhn28
no_artist,2024-01-23T21:49:11.507Z,1706046551,,https://music.youtube.com/watch?v=RVig7v_04yA,Watched https://music.youtube.com/watch?v=RVig7v_04yA,,https://music.youtube.com/watch?v=RVig7v_04yA
title_split,2024-01-13T00:58:45.890Z,1705107525,Lewis Capaldi,Wish You The Best (Official Video),Watched Lewis Capaldi - Wish You The Best (Official Video),LewisCapaldiVEVO,https://music.youtube.com/watch?v=QZLxVvLyKTo
title_split,2024-01-12T06:00:51.434Z,1705039251,Sleep Token,The Night Belongs To You (TNDNBTG/Euclid/Jaws mashup),Watched Sleep Token - The Night Belongs To You (TNDNBTG/Euclid/Jaws mashup),pixlate,https://music.youtube.com/watch?v=YdFgzUzb4lU
title_split,2024-01-08T04:33:56.323Z,1704688436,Norma Jean,Memphis Will Be Laid To Waste (Hellfest 2003),Watched Norma Jean - Memphis Will Be Laid To Waste (Hellfest 2003),hellfest2003,https://music.youtube.com/watch?v=_eOT6STvRfg
title_split,2023-12-30T18:45:26.148Z,1703961926,Conquer Divide,"""Paralyzed"" (Official Video)","Watched Conquer Divide - ""Paralyzed"" (Official Video)",Conquer Divide,https://music.youtube.com/watch?v=5x7dbJFJSWs
title_split,2023-12-30T05:50:59.560Z,1703915459,Four Year Strong,It's Our Time (Full Album 2005),Watched Four Year Strong - It's Our Time (Full Album 2005),Ben Goh,https://music.youtube.com/watch?v=BEr1qPigQhU
title_split,2023-12-28T18:45:19.665Z,1703789119,Emery,People Always Ask Me if We're Gonna Cuss in an Emery Song (Official Music Video),Watched Emery - People Always Ask Me if We're Gonna Cuss in an Emery Song (Official Music Video),Emery,https://music.youtube.com/watch?v=X8BDyQoN1Xs
title_split,2023-12-27T05:57:00.308Z,1703656620,Holding Absence,Head Prison Blues,Watched Holding Absence - Head Prison Blues,SharpTone Records,https://music.youtube.com/watch?v=m-BXT5r3KJA
title_split,2023-12-23T21:00:56.451Z,1703365256,Currents,The Death We Seek,Watched Currents - The Death We Seek,SharpTone Records,https://music.youtube.com/watch?v=aC7Z-3k7fsA
title_split,2023-12-19T11:48:31.229Z,1702986511,Hammock,Procession / Love in the Void,Watched Hammock - Procession / Love in the Void,HammockVEVO,https://music.youtube.com/watch?v=YYOyT_mwgsc
title_split,2023-12-18T05:35:53.468Z,1702877753,Holding Absence,Beyond Belief (OFFICIAL MUSIC VIDEO),Watched Holding Absence - Beyond Belief (OFFICIAL MUSIC VIDEO),SharpTone Records,https://music.youtube.com/watch?v=BoFUI1Xv4Dw
title_split,2023-12-18T05:35:37.914Z,1702877737,Holding Absence,Afterlife (OFFICIAL MUSIC VIDEO),Watched Holding Absence - Afterlife (OFFICIAL MUSIC VIDEO),SharpTone Records,https://music.youtube.com/watch?v=qfe8NvYSPmY
title_split,2023-12-18T05:26:04.095Z,1702877164,Holding Absence,Birdcage (OFFICIAL LYRIC VIDEO),Watched Holding Absence - Birdcage (OFFICIAL LYRIC VIDEO),SharpTone Records,https://music.youtube.com/watch?v=y9pQDQOoEvw
title_split,2023-12-18T05:24:55.105Z,1702877095,Holding Absence,Gravity (OFFICIAL MUSIC VIDEO),Watched Holding Absence - Gravity (OFFICIAL MUSIC VIDEO),SharpTone Records,https://music.youtube.com/watch?v=3R1qRo2jh7M
title_split,2023-12-18T05:16:13.326Z,1702876573,Holding Absence,Coffin,Watched Holding Absence - Coffin,SharpTone Records,https://music.youtube.com/watch?v=oykJDd4qAYk
title_split,2023-12-18T05:04:07.478Z,1702875847,Alpha Wolf feat. Holding Absence,60cm of Steel,Watched Alpha Wolf feat. Holding Absence - 60cm of Steel,SharpTone Records,https://music.youtube.com/watch?v=2Wln_vYHkCA
title_split,2023-12-17T03:40:06.588Z,1702784406,Holding Absence,Penance (OFFICIAL MUSIC VIDEO),Watched Holding Absence - Penance (OFFICIAL MUSIC VIDEO),SharpTone Records,https://music.youtube.com/watch?v=bzoIno2CsZU
title_split,2023-12-17T03:31:33.429Z,1702783893,Holding Absence,The Angel In The Marble,Watched Holding Absence - The Angel In The Marble,SharpTone Records,https://music.youtube.com/watch?v=uVmLSC85ztE
title_split,2023-12-17T03:26:06.441Z,1702783566,Holding Absence,These New Dreams,Watched Holding Absence - These New Dreams,SharpTone Records,https://music.youtube.com/watch?v=kdmxuC3HUqE
title_split,2023-12-17T03:19:26.458Z,1702783166,Holding Absence,Her Wings,Watched Holding Absence - Her Wings,SharpTone Records,https://music.youtube.com/watch?v=T4GkkpJepcM
title_split,2023-12-17T03:18:28.925Z,1702783108,Holding Absence,Death Nonetheless,Watched Holding Absence - Death Nonetheless,SharpTone Records,https://music.youtube.com/watch?v=enzEw4TYNiA
title_split,2023-12-17T03:02:46.277Z,1702782166,Holding Absence,Scissors,Watched Holding Absence - Scissors,SharpTone Records,https://music.youtube.com/watch?v=wqt4w8L1cqU
title_split,2023-12-17T02:58:48.103Z,1702781928,Holding Absence,False Dawn,Watched Holding Absence - False Dawn,SharpTone Records,https://music.youtube.com/watch?v=twvjzSlqobE
title_split,2023-12-17T02:54:54.289Z,1702781694,Holding Absence,A Crooked Melody,Watched Holding Absence - A Crooked Melody,SharpTone Records,https://music.youtube.com/watch?v=4guUJmAnld4
title_split,2023-12-17T02:50:31.421Z,1702781431,Holding Absence,Head Prison Blues,Watched Holding Absence - Head Prison Blues,SharpTone Records,https://music.youtube.com/watch?v=m-BXT5r3KJA
title_split,2023-12-15T05:57:26.313Z,1702619846,Everything in Slow Motion,"""Coma"" OFFICIAL VIDEO","Watched Everything in Slow Motion - ""Coma"" OFFICIAL VIDEO",FacedownRecords,https://music.youtube.com/watch?v=iA2KngEjfso
title_split,2023-12-13T05:38:03.767Z,1702445883,BILMURI,CORN-FED YETIS (feat. Knox) (OFFICIAL MUSIC VIDEO),Watched BILMURI - CORN-FED YETIS (feat. Knox) (OFFICIAL MUSIC VIDEO),Bilmuri,https://music.youtube.com/watch?v=-T4Eo9XJrmA
title_split,2023-12-13T05:36:17.108Z,1702445777,Braden Bales,ROI (Official Music Video),Watched Braden Bales - ROI (Official Music Video),BradenBalesVEVO,https://music.youtube.com/watch?v=QxXrjLaUtDE
title_split,2023-12-13T05:33:28.740Z,1702445608,Braden Bales,CHRONICALLY CAUTIOUS (Live Session),Watched Braden Bales - CHRONICALLY CAUTIOUS (Live Session),BradenBalesVEVO,https://music.youtube.com/watch?v=7Ez60q6D8us
title_split,2023-12-13T05:33:23.379Z,1702445603,Braden Bales,A GOOD GOODBYE (Lyric Video),Watched Braden Bales - A GOOD GOODBYE (Lyric Video),BradenBalesVEVO,https://music.youtube.com/watch?v=BPeevTN9RAY
title_split,2023-12-13T05:30:56.890Z,1702445456,Braden Bales,HOSTAGE (Live Loop Version),Watched Braden Bales - HOSTAGE (Live Loop Version),BradenBalesVEVO,https://music.youtube.com/watch?v=wTLxNkwibgc
title_split,2023-12-12T00:07:38.605Z,1702339658,CASKETS,"""The Only Ones"" - James Lazenby (Official Drum Playthrough)","Watched CASKETS - ""The Only Ones"" - James Lazenby (Official Drum Playthrough)",CASKETS,https://music.youtube.com/watch?v=gfBCjE-jAM4
title_split,2023-12-12T00:07:06.586Z,1702339626,CASKETS,Lost In Echoes - Matt Flood Live One Take Vocal Performance,Watched CASKETS - Lost In Echoes - Matt Flood Live One Take Vocal Performance,CASKETS,https://music.youtube.com/watch?v=QY8fTXF58XA
subtitle_fallback,2023-12-12T00:03:42.760Z,1702339422,Music Library Uploads,Headshot.mp3,Watched Headshot.mp3,Music Library Uploads,https://music.youtube.com/watch?v=UG_0Ay20YnU
title_split,2023-12-08T21:14:36.253Z,1702070076,Dreamwake,Night Rider [Official Music Video],Watched Dreamwake - Night Rider [Official Music Video],Dreamwake,https://music.youtube.com/watch?v=7c-5COSJNN0
title_split,2023-12-08T21:11:06.644Z,1702069866,Dreamwake,Paradise ft. Jesse Molloy [Official Music Video],Watched Dreamwake - Paradise ft. Jesse Molloy [Official Music Video],Dreamwake,https://music.youtube.com/watch?v=B7K_t1NYBe4
title_split,2023-12-04T02:06:15.076Z,1701655575,Unprocessed,Die on the Cross of the Martyr ft. Tim Henson & Scott LePage of Polyphia,Watched Unprocessed - Die on the Cross of the Martyr ft. Tim Henson & Scott LePage of Polyphia,Unprocessed,https://music.youtube.com/watch?v=HFtyYd-IFaM
subtitle_fallback,2023-12-01T04:50:42.211Z,1701406242,somewhere at the bottom of the river,"Fall Down, Never Get Back Up Again | La Dispute (2018)","Watched Fall Down, Never Get Back Up Again | La Dispute (2018)",somewhere at the bottom of the river,https://music.youtube.com/watch?v=ghZTW_t2IM0
subtitle_fallback,2023-12-01T04:47:46.189Z,1701406066,somewhere at the bottom of the river,Damaged Goods | La Dispute (2018),Watched Damaged Goods | La Dispute (2018),somewhere at the bottom of the river,https://music.youtube.com/watch?v=jE1ZXq5EkAk
subtitle_fallback,2023-12-01T04:42:46.579Z,1701405766,somewhere at the bottom of the river,New Storms for Older Lovers | La Dispute (2018),Watched New Storms for Older Lovers | La Dispute (2018),somewhere at the bottom of the river,https://music.youtube.com/watch?v=wSGfGtjLDUg
subtitle_fallback,2023-12-01T04:38:45.156Z,1701405525,somewhere at the bottom of the river,Said the King to the River | La Dispute (2018),Watched Said the King to the River | La Dispute (2018),somewhere at the bottom of the river,https://music.youtube.com/watch?v=uPT8VedNj4A
subtitle_fallback,2023-12-01T04:37:09.122Z,1701405429,somewhere at the bottom of the river,Such Small Hands | La Dispute (2018),Watched Such Small Hands | La Dispute (2018),somewhere at the bottom of the river,https://music.youtube.com/watch?v=7IE4TFlDX7E
title_split,2023-11-30T21:48:39.743Z,1701380919,Shania,You're Still The One (Pop Punk/Emo Cover),Watched Shania - You're Still The One (Pop Punk/Emo Cover),Alex Melton,https://music.youtube.com/watch?v=c3hyGK-XPZI
title_split,2023-11-30T21:47:36.552Z,1701380856,Hands Like Houses,Shapeshifters (Live Music Video),Watched Hands Like Houses - Shapeshifters (Live Music Video),riserecords,https://music.youtube.com/watch?v=L2Yroru-rTE
subtitle_fallback,2023-11-22T22:02:00.387Z,1700690520,Paramore,Paramore: All We Know [OFFICIAL VIDEO],Watched Paramore: All We Know [OFFICIAL VIDEO],Paramore,https://music.youtube.com/watch?v=4EHIpDcZvB0
title_split,2023-11-14T05:19:35.207Z,1699939175,Attack Attack!,The Revolution (Official Music Video),Watched Attack Attack! - The Revolution (Official Music Video),riserecords,https://music.youtube.com/watch?v=jscqWyv9SJ4
title_split,2023-11-14T05:13:42.946Z,1699938822,Attack Attack!,Smokahontas (Official Music Video),Watched Attack Attack! - Smokahontas (Official Music Video),riserecords,https://music.youtube.com/watch?v=OG-RNq7oRUM
title_split,2023-11-13T05:33:18.610Z,1699853598,Attack Attack!,Stick Stickly (Official Music Video),Watched Attack Attack! - Stick Stickly (Official Music Video),riserecords,https://music.youtube.com/watch?v=KDzt6yI3Dw8
title_split,2023-11-13T01:28:09.608Z,1699838889,Vanessa Carlton,The Only Way To Love [Official Video],Watched Vanessa Carlton - The Only Way To Love [Official Video],Vanessa Carlton,https://music.youtube.com/watch?v=wmQEqy-Jbjw
title_split,2023-11-13T01:27:09.335Z,1699838829,Vanessa Carlton,"Die, Dinosaur [Official Video]","Watched Vanessa Carlton - Die, Dinosaur [Official Video]",Vanessa Carlton,https://music.youtube.com/watch?v=3Bg6ZYdXqLc
title_split,2023-11-13T01:21:16.402Z,1699838476,Vanessa Carlton,Ordinary Day,Watched Vanessa Carlton - Ordinary Day,VanessaCarltonVEVO,https://music.youtube.com/watch?v=zdmbjaReGmY
title_split,2023-11-13T01:17:03.889Z,1699838223,Vanessa Carlton,A Thousand Miles,Watched Vanessa Carlton - A Thousand Miles,VanessaCarltonVEVO,https://music.youtube.com/watch?v=Cwkej79U3ek
title_split,2023-11-12T21:45:05.728Z,1699825505,Beartooth,Body Bag [OFFICIAL LIVE VIDEO],Watched Beartooth - Body Bag [OFFICIAL LIVE VIDEO],BEARTOOTHband,https://music.youtube.com/watch?v=VmgrstmPI88
title_split,2023-11-12T21:41:34.840Z,1699825294,Beartooth,Beaten In Lips (Official Video),Watched Beartooth - Beaten In Lips (Official Video),Red Bull Records,https://music.youtube.com/watch?v=dCESufY8hMc
title_split,2023-11-12T21:35:29.506Z,1699824929,Beartooth,The Lines (Official Video),Watched Beartooth - The Lines (Official Video),Red Bull Records,https://music.youtube.com/watch?v=557mc5ICVv8
title_split,2023-11-12T21:18:33.334Z,1699823913,Beartooth,"""Sick"" Full EP - High Quality!!!","Watched Beartooth - ""Sick"" Full EP - High Quality!!!",SoundBlastTunes,https://music.youtube.com/watch?v=pKvT-CDWqVQ
title_split,2023-11-12T20:57:55.883Z,1699822675,Beartooth,Sunshine! (Visualizer),Watched Beartooth - Sunshine! (Visualizer),BEARTOOTHband,https://music.youtube.com/watch?v=TPHrNWaTJ1E
title_split,2023-11-12T20:55:15.173Z,1699822515,Beartooth,Might Love Myself (Official Music Video),Watched Beartooth - Might Love Myself (Official Music Video),BEARTOOTHband,https://music.youtube.com/watch?v=83rcK9Xne5A
title_split,2023-11-09T02:21:51.031Z,1699496511,CASKETS,Lost In Echoes - Matt Flood Live One Take Vocal Performance,Watched CASKETS - Lost In Echoes - Matt Flood Live One Take Vocal Performance,CASKETS,https://music.youtube.com/watch?v=QY8fTXF58XA
title_split,2023-11-01T01:16:13.162Z,1698801373,And One,Panzermensch,Watched And One - Panzermensch,Zakoth,https://music.youtube.com/watch?v=stZco6yI5zo
title_split,2023-10-23T09:07:29.056Z,1698052049,Bangarang!,Chicks Are For Fags,Watched Bangarang! - Chicks Are For Fags,evolutionfilmer,https://music.youtube.com/watch?v=h3qLKhH2t9U
subtitle_fallback,2023-10-23T09:04:07.932Z,1698051847,Charlie Siren,"Charlie Siren ""Michael Bay Ruined the Transformers"" Official Music Video","Watched Charlie Siren ""Michael Bay Ruined the Transformers"" Official Music Video",Charlie Siren,https://music.youtube.com/watch?v=SFMbq4coRVs
subtitle_fallback,2023-10-23T09:00:50.544Z,1698051650,TimesNewRomanVA,Times New Roman- Five Four Bros (Official Music Video),Watched Times New Roman- Five Four Bros (Official Music Video),TimesNewRomanVA,https://music.youtube.com/watch?v=8w5GK14mNIw
title_split,2023-10-23T08:50:22.361Z,1698051022,Me Vs Hero,Days That Shape Our Lives (live cut),Watched Me Vs Hero - Days That Shape Our Lives (live cut),mevsheromusic,https://music.youtube.com/watch?v=cAxv6uSbktE
title_split,2023-10-23T08:40:28.824Z,1698050428,Cowabunga!,"""Thanks For Nothing"" (Official Music Video) [HQ]","Watched Cowabunga! - ""Thanks For Nothing"" (Official Music Video) [HQ]",CowabungaMusic,https://music.youtube.com/watch?v=aynZQF_Kd2A
subtitle_fallback,2023-10-23T08:36:57.678Z,1698050217,decaydancenola,kid liberty winning isn't for everyone,Watched kid liberty winning isn't for everyone,decaydancenola,https://music.youtube.com/watch?v=cErwNnZdx5c
subtitle_fallback,2023-10-23T08:33:07.467Z,1698049987,On My Honor,"On My Honor ""Indrid Cold"" Official Video","Watched On My Honor ""Indrid Cold"" Official Video",On My Honor,https://music.youtube.com/watch?v=H3oOhPCUppc
title_split,2023-10-23T08:29:47.441Z,1698049787,SAVING AIMEE,Small Talk,Watched SAVING AIMEE - Small Talk,SavingAimeeVIDS,https://music.youtube.com/watch?v=0t5b05J1LgM
title_split,2023-10-23T08:26:59.239Z,1698049619,The Wonder Years,Lets Moshercise!!!,Watched The Wonder Years - Lets Moshercise!!!,dylanjam,https://music.youtube.com/watch?v=2c4xYmXkFkQ
title_split,2023-10-23T08:15:02.041Z,1698048902,My Hardest Fight,Worthless To Me,Watched My Hardest Fight - Worthless To Me,MyHardestFight,https://music.youtube.com/watch?v=dDNpjmG1N-s
title_split,2023-10-23T08:09:39.029Z,1698048579,Major League,"""Some Kids Just Can't Hang""  Official Music Video","Watched Major League  - ""Some Kids Just Can't Hang""  Official Music Video",Major League,https://music.youtube.com/watch?v=H93t0c7mdCo
title_split,2023-10-23T08:01:29.756Z,1698048089,California Smile,Eat My Shorts!,Watched California Smile - Eat My Shorts!,CaliforniaSmile510,https://music.youtube.com/watch?v=QVQ4ARayhuM
title_split,2023-10-23T07:57:45.432Z,1698047865,Last In Line,It Was Aliens,Watched Last In Line - It Was Aliens,LASTINLINEPA,https://music.youtube.com/watch?v=JYXSsYjKMbM
title_split,2023-10-23T07:43:21.881Z,1698047001,Mixtapes,Werewolf shame,Watched Mixtapes - Werewolf shame,Burk,https://music.youtube.com/watch?v=CqAB97Dzvwg
title_split,2023-10-23T07:36:17.884Z,1698046577,Act As One,Feet On The Ground DEMO (Official Lyric Video),Watched Act As One - Feet On The Ground DEMO (Official Lyric Video),actasone13,https://music.youtube.com/watch?v=AHV6WtM-N3A
title_split,2023-10-23T07:30:50.813Z,1698046250,Direct Hit!/Mixtapes,"""Werewolf Shame"" Kind of Like Records","Watched Direct Hit!/Mixtapes - ""Werewolf Shame"" Kind of Like Records",BlankTV,https://music.youtube.com/watch?v=95Ph6ppA4f0
title_split,2023-10-23T07:27:27.761Z,1698046047,Show Your Otherside,Evergreen (Official Music Video),Watched Show Your Otherside - Evergreen (Official Music Video),informer,https://music.youtube.com/watch?v=xAZLoZ3MHy8
subtitle_fallback,2023-10-23T07:21:19.292Z,1698045679,roy.,8.Carousel Kings Vacations [SPEAK FRANTIC],Watched 8.Carousel Kings Vacations [SPEAK FRANTIC],roy.,https://music.youtube.com/watch?v=VGMY9tCFpkw
title_split,2023-10-23T07:18:02.282Z,1698045482,Your Weight in Gold,Kiber Drive [House Party Show],Watched Your Weight in Gold - Kiber Drive [House Party Show],Cameron Opp,https://music.youtube.com/watch?v=a1m-o6dp2Eg
subtitle_fallback,2023-10-23T07:07:42.529Z,1698044862,Weareoffthewalluk,Off The Wall- Who Took The Jam Out Of Your Doughnut?,Watched Off The Wall- Who Took The Jam Out Of Your Doughnut?,Weareoffthewalluk,https://music.youtube.com/watch?v=wUxeRvcJ3k8
title_split,2023-10-23T07:06:21.490Z,1698044781,Ready Set Low,Lost At Sea,Watched Ready Set Low - Lost At Sea,READYSETLOWOFFICIAL,https://music.youtube.com/watch?v=9qIt2RwXNlU
title_split,2023-10-23T07:02:47.938Z,1698044567,Three Cent Cinema,Where I Stand (Official Video),Watched Three Cent Cinema - Where I Stand (Official Video),ThreeCentCinema,https://music.youtube.com/watch?v=UxUwtdTdo48
title_split,2023-10-23T06:50:48.296Z,1698043848,Alleyways,Maligner,Watched Alleyways - Maligner,Alleyways AZ,https://music.youtube.com/watch?v=D7VHmmYc7SA
subtitle_fallback,2023-10-23T06:43:41.936Z,1698043421,JOrtizAngel,"Set The Pace-The Bigger They Are, The Harder They Fall","Watched Set The Pace-The Bigger They Are, The Harder They Fall",JOrtizAngel,https://music.youtube.com/watch?v=BtH0Mh_5FyE
title_split,2023-10-23T06:25:07.955Z,1698042307,Thunderhawks,Kiss My Grits,Watched Thunderhawks - Kiss My Grits,Thunderhawksband,https://music.youtube.com/watch?v=Xv5BtxtmAsQ
title_split,2023-10-23T06:21:06.378Z,1698042066,If I Had A Lightsaber,Sanity Is Lost Official Music Video,Watched If I Had A Lightsaber - Sanity Is Lost Official Music Video,sanityislostmusic,https://music.youtube.com/watch?v=gff2k_CX1-w
subtitle_fallback,2023-10-23T06:18:01.371Z,1698041881,JS,The Great Escape_It's Time To Say Goodbye_.wmv,Watched The Great Escape_It's Time To Say Goodbye_.wmv,JS,https://music.youtube.com/watch?v=v98zBSlmyxE
title_split,2023-10-23T06:12:12.329Z,1698041532,For the Moment,Moving Forward (OFFICIAL MUSIC VIDEO),Watched For the Moment - Moving Forward (OFFICIAL MUSIC VIDEO),forthemomentga,https://music.youtube.com/watch?v=wBuoVyWcadg
title_split,2023-10-23T06:08:38.199Z,1698041318,Radio Feelings,My Secret,Watched Radio Feelings - My Secret,Marvin Matuszewski,https://music.youtube.com/watch?v=cOV6ci02_kc
title_split,2023-10-23T06:04:44.222Z,1698041084,"Pull String, Go Boom",Run For The Skylines,"Watched Pull String, Go Boom - Run For The Skylines",Run4TheSkylines,https://music.youtube.com/watch?v=bxL2v_rKZKE
title_split,2023-10-23T05:49:58.801Z,1698040198,if only.,Bummer Summer (Music Video),Watched if only. - Bummer Summer (Music Video),If Only,https://music.youtube.com/watch?v=PnQm13luSdc
title_split,2023-10-23T05:46:38.098Z,1698039998,Believe You Me,Same Old Story (Official Music Video 1080HD),Watched Believe You Me - Same Old Story (Official Music Video 1080HD),Believe You Me,https://music.youtube.com/watch?v=k7kIlXtvg4M
subtitle_fallback,2023-10-23T05:36:42.434Z,1698039402,Shelter Studios,"Neverending Weekend  ""Silver Lining"" OFFICIAL Music Video","Watched Neverending Weekend  ""Silver Lining"" OFFICIAL Music Video",Shelter Studios,https://music.youtube.com/watch?v=gk9rmNnPNQE
title_split,2023-10-23T05:31:02.876Z,1698039062,Chase This City,The Kids That Never Gave Up (OFFICIAL MUSIC VIDEO),Watched Chase This City - The Kids That Never Gave Up (OFFICIAL MUSIC VIDEO),chasethiscity,https://music.youtube.com/watch?v=Q3o6a6b1guo
title_split,2023-10-23T05:23:39.095Z,1698038619,Sharks!,Glory Days,Watched Sharks! - Glory Days,radsharks,https://music.youtube.com/watch?v=KXFISLNeGjI
title_split,2023-10-23T05:15:24.642Z,1698038124,Old Again,Roswell Mill Rapids (Official Music Video),Watched Old Again - Roswell Mill Rapids (Official Music Video),Old Again,https://music.youtube.com/watch?v=Du2gfFkRVEw
title_split,2023-10-23T05:11:30.931Z,1698037890,For The Win,Starlet Jotrapsson,Watched For The Win - Starlet Jotrapsson,Andrew Tamayo,https://music.youtube.com/watch?v=fVFU7OBwBEM
subtitle_fallback,2023-10-23T05:07:14.628Z,1698037634,GorgeousDiva,Easycore/Pop Punk Mix 2020,Watched Easycore/Pop Punk Mix 2020,GorgeousDiva,https://music.youtube.com/watch?v=yqUM2sgId4k
title_split,2023-10-13T23:49:35.180Z,1697240975,MANY EYES,Revelation [Official Music Visualizer],Watched MANY EYES - Revelation [Official Music Visualizer],MANY EYES,https://music.youtube.com/watch?v=4xk47OMIuqs
title_split,2023-10-10T16:06:51.066Z,1696954011,Dance Gavin Dance,Strawberry's Wake (Official Music Video),Watched Dance Gavin Dance - Strawberry's Wake (Official Music Video),riserecords,https://music.youtube.com/watch?v=oTJWY2w31cU
subtitle_fallback,2023-10-08T02:55:21.405Z,1696733721,Javi Perera,TERMINA | Translucent | Javi Perera (vocal cover),Watched TERMINA | Translucent | Javi Perera (vocal cover),Javi Perera,https://music.youtube.com/watch?v=yAjiFYPMKCk
subtitle_fallback,2023-10-01T08:04:33.744Z,1696147473,a paradise bird,go little rockstar (sad v),Watched go little rockstar (sad v),a paradise bird,https://music.youtube.com/watch?v=zwHdTTZlhY0
title_split,2023-10-01T08:00:36.888Z,1696147236,Chloe George,Ghost Town (Lyrics) (TikTok cover) and nothing hurts anymore i feel kinda free,Watched Chloe George - Ghost Town (Lyrics) (TikTok cover) and nothing hurts anymore i feel kinda free,Nightfall,https://music.youtube.com/watch?v=tOY6QyIdWE4
title_split,2023-10-01T06:41:51.218Z,1696142511,Sia,Unstoppable (Lyrics),Watched Sia - Unstoppable (Lyrics),Loku,https://music.youtube.com/watch?v=h3h035Eyz5A
title_split,2023-10-01T06:06:19.276Z,1696140379,Loreen,Tattoo,Watched Loreen - Tattoo,LatinHype,https://music.youtube.com/watch?v=_IqI2bf9CCQ
title_split,2023-10-01T06:02:56.229Z,1696140176,can i be him,james arthur (speed up) with lyrics,Watched can i be him - james arthur (speed up) with lyrics,moonlightx,https://music.youtube.com/watch?v=uZU4yhV0YLE
title_split,2023-09-29T05:26:03.804Z,1695965163,ＳＰＡＣＥ　ＴＲＩＰ　ＩＩ [ Chillwave,Synthwave - Retrowave Mix ],Watched ＳＰＡＣＥ　ＴＲＩＰ　ＩＩ [ Chillwave - Synthwave - Retrowave Mix ],Asthenic,https://music.youtube.com/watch?v=WI4-HUn8dFc
title_split,2023-09-29T04:42:19.335Z,1695962539,ＬＯＮＧ　ＮＩＧＨＴＳ [ Chillwave,Synthwave - Retrowave  Mix ],Watched ＬＯＮＧ　ＮＩＧＨＴＳ [ Chillwave - Synthwave - Retrowave  Mix ],Asthenic,https://music.youtube.com/watch?v=GBUCmMxmup0
title_split,2023-09-29T04:04:52.580Z,1695960292,ＳＰＡＣＥ　ＴＲＩＰ [ Chillwave,Synthwave - Retrowave Mix ],Watched ＳＰＡＣＥ　ＴＲＩＰ [ Chillwave - Synthwave - Retrowave Mix ],Asthenic,https://music.youtube.com/watch?v=wOMwO5T3yT4
title_split,2023-09-29T04:04:34.158Z,1695960274,Billy Idol,Rebel Yell (Meteor Remix),Watched Billy Idol - Rebel Yell (Meteor Remix),Pash Bridges,https://music.youtube.com/watch?v=Xo9E2HsulGc
title_split,2023-09-29T04:04:30.157Z,1695960270,Belinda Carlisle,Heaven Is A Place On Earth (Scenester Synthwave Remix),Watched Belinda Carlisle - Heaven Is A Place On Earth (Scenester Synthwave Remix),DjScenester,https://music.youtube.com/watch?v=ZpIb3saLGoQ
title_split,2023-09-29T03:52:06.100Z,1695959526,Belinda Carlisle,Heaven Is A Place On Earth (Scenester Synthwave Remix),Watched Belinda Carlisle - Heaven Is A Place On Earth (Scenester Synthwave Remix),DjScenester,https://music.youtube.com/watch?v=ZpIb3saLGoQ
subtitle_fallback,2023-09-29T03:51:58.765Z,1695959518,Forceman Music Quiz,Synthwave Remixes of Popular Rock Songs | Retrowave Rock Mix,Watched Synthwave Remixes of Popular Rock Songs | Retrowave Rock Mix,Forceman Music Quiz,https://music.youtube.com/watch?v=qPFkOLjmkQQ
title_split,2023-09-28T04:39:04.869Z,1695875944,Beartooth,Doubt Me (Official Music Video),Watched Beartooth - Doubt Me (Official Music Video),BEARTOOTHband,https://music.youtube.com/watch?v=UfY5VokMkL8
title_split,2023-09-28T04:27:49.344Z,1695875269,If Not For Me,Demons (Official Music Video),Watched If Not For Me - Demons (Official Music Video),InVogue Records,https://music.youtube.com/watch?v=baARB2XPiLs
title_split,2023-09-28T04:27:46.547Z,1695875266,Memphis May Fire,Somebody (Official Music Video),Watched Memphis May Fire - Somebody (Official Music Video),riserecords,https://music.youtube.com/watch?v=6HzE3KgHzHU
subtitle_fallback,2023-09-28T04:27:41.519Z,1695875261,No Resolve,BELIEVER (@ImagineDragons ROCK Cover by NO RESOLVE & @STATEOFMINE) (Official Music Video),Watched BELIEVER (@ImagineDragons ROCK Cover by NO RESOLVE & @STATEOFMINE) (Official Music Video),No Resolve,https://music.youtube.com/watch?v=TJbuDtipdu8
subtitle_fallback,2023-09-28T04:27:34.405Z,1695875254,Bilmuri,E G G (JUMBO GRADE A CARTON OF MELODY),Watched E G G (JUMBO GRADE A CARTON OF MELODY),Bilmuri,https://music.youtube.com/watch?v=LRzofo8_V4o
title_split,2023-09-15T02:52:38.537Z,1694746358,"VØJ, Narvent",Memory Reboot (Music Video),"Watched VØJ, Narvent - Memory Reboot (Music Video)",Narvent,https://music.youtube.com/watch?v=44UaY-AN6ho
title_split,2023-09-13T01:41:53.539Z,1694569313,Greywind,Afterthoughts (Official Music Video),Watched Greywind - Afterthoughts (Official Music Video),Greywind,https://music.youtube.com/watch?v=xvqo1w06_zg
title_split,2023-09-10T06:16:17.683Z,1694326577,Memphis May Fire,Misery (Visualizer),Watched Memphis May Fire - Misery (Visualizer),riserecords,https://music.youtube.com/watch?v=InfbPUsUzFo
title_split,2023-09-02T18:26:34.501Z,1693679194,Radiohead,Jigsaw Falling Into Place,Watched Radiohead - Jigsaw Falling Into Place,Radiohead,https://music.youtube.com/watch?v=GoLJJRIWCLU
title_split,2023-09-01T22:43:42.740Z,1693608222,Holding Absence,Head Prison Blues,Watched Holding Absence - Head Prison Blues,SharpTone Records,https://music.youtube.com/watch?v=m-BXT5r3KJA
title_split,2023-08-26T19:24:56.580Z,1693077896,Holding Absence,Head Prison Blues,Watched Holding Absence - Head Prison Blues,SharpTone Records,https://music.youtube.com/watch?v=m-BXT5r3KJA
title_split,2023-08-20T19:40:09.136Z,1692560409,The Kiffness,Xylophone Cat (Singing Cat Collab),Watched The Kiffness - Xylophone Cat (Singing Cat Collab),The Kiffness,https://music.youtube.com/watch?v=-CUe8SUn3Wg
title_split,2023-08-20T19:37:39.441Z,1692560259,The Kiffness x Oh Long Johnson 2.0,Hold Onto My Fur (Talking Cat Song),Watched The Kiffness x Oh Long Johnson 2.0 - Hold Onto My Fur (Talking Cat Song),The Kiffness,https://music.youtube.com/watch?v=Fy29jBqckCo
title_split,2023-08-17T20:18:19.067Z,1692303499,Sleep Theory,"""Numb"" (Official Music Video)","Watched Sleep Theory - ""Numb"" (Official Music Video)",Sleep Theory,https://music.youtube.com/watch?v=F7s9gFaWpUM
title_split,2023-08-17T20:18:15.850Z,1692303495,Bayside,"Sick, Sick, Sick","Watched Bayside - Sick, Sick, Sick",BaysideVEVO,https://music.youtube.com/watch?v=aqHsHCIrCvI
title_split,2023-07-17T18:12:54.811Z,1689617574,Copeland,Ixora (Original & Twin Synced) - In Her Arms You Will Never Starve,Watched Copeland - Ixora (Original & Twin Synced) - In Her Arms You Will Never Starve,F00L,https://music.youtube.com/watch?v=PzlpxkcIK-4
title_split,2023-07-17T05:36:55.013Z,1689572215,Copeland,Ixora (Original & Twin Synced) - World Turn,Watched Copeland - Ixora (Original & Twin Synced) - World Turn,F00L,https://music.youtube.com/watch?v=UxVajpN8MrQ
title_split,2023-07-17T05:32:12.354Z,1689571932,Copeland,Ixora (Original & Twin Synced) - Chiromancer,Watched Copeland - Ixora (Original & Twin Synced) - Chiromancer,F00L,https://music.youtube.com/watch?v=CpOqKOGQsiw
title_split,2023-07-17T05:27:44.163Z,1689571664,Copeland,Ixora (Original & Twin Synced) - Like A Lie,Watched Copeland - Ixora (Original & Twin Synced) - Like A Lie,F00L,https://music.youtube.com/watch?v=9Ya1ALiLu0o
title_split,2023-07-17T05:24:12.788Z,1689571452,Copeland,Ixora (Original & Twin Synced) - Ordinary,Watched Copeland - Ixora (Original & Twin Synced) - Ordinary,F00L,https://music.youtube.com/watch?v=ucplAxWKGvo
title_split,2023-07-17T05:20:01.440Z,1689571201,Copeland,Ixora (Original & Twin Synced) - Lavender,Watched Copeland - Ixora (Original & Twin Synced) - Lavender,F00L,https://music.youtube.com/watch?v=8dwkm_PXtDk
title_split,2023-07-17T05:15:34.349Z,1689570934,Copeland,Ixora (Original & Twin Synced) - Erase,Watched Copeland - Ixora (Original & Twin Synced) - Erase,F00L,https://music.youtube.com/watch?v=t3mD6G1Y-EE
title_split,2023-07-17T05:11:29.392Z,1689570689,Copeland,Ixora (Original & Twin Synced) - I Can Make You Feel Young Again,Watched Copeland - Ixora (Original & Twin Synced) - I Can Make You Feel Young Again,F00L,https://music.youtube.com/watch?v=m1H2Ve7J4Vo
title_split,2023-07-17T05:06:53.756Z,1689570413,Copeland,Ixora (Original & Twin Synced) - Disjointed,Watched Copeland - Ixora (Original & Twin Synced) - Disjointed,F00L,https://music.youtube.com/watch?v=LzeJ5ErRtTI
title_split,2023-07-17T05:04:00.846Z,1689570240,Copeland,Ixora (Original & Twin Synced) - Have I Always Loved You?,Watched Copeland - Ixora (Original & Twin Synced) - Have I Always Loved You?,F00L,https://music.youtube.com/watch?v=2IS5G2D321w
title_split,2023-07-12T10:50:49.435Z,1689159049,Dance Gavin Dance,Jackpot Juicer [A Capella],Watched Dance Gavin Dance - Jackpot Juicer [A Capella],Dustin Farrie,https://music.youtube.com/watch?v=KyDoXiDt4Jk
subtitle_fallback,2023-07-12T04:09:49.798Z,1689134989,GorgeousDiva,Easycore/Pop Punk Mix 2020,Watched Easycore/Pop Punk Mix 2020,GorgeousDiva,https://music.youtube.com/watch?v=yqUM2sgId4k
title_split,2023-07-09T20:19:54.160Z,1688933994,Imminence,Desolation [Official Video],Watched Imminence - Desolation [Official Video],Imminence,https://music.youtube.com/watch?v=gV7zjc2in8I
title_split,2023-07-09T08:31:35.405Z,1688891495,If DYWTYLM was Heavy,Sleep Token Metal Remix,Watched If DYWTYLM was Heavy - Sleep Token Metal Remix,Jamie Ford,https://music.youtube.com/watch?v=0-PFmS5-9vI
title_split,2023-07-09T08:24:31.682Z,1688891071,Sleep Token,The Night Belongs To You (TNDNBTG/Euclid/Jaws mashup),Watched Sleep Token - The Night Belongs To You (TNDNBTG/Euclid/Jaws mashup),pixlate,https://music.youtube.com/watch?v=YdFgzUzb4lU
title_split,2023-07-07T23:54:58.531Z,1688774098,Attack Attack!,Smokahontas (Official Music Video),Watched Attack Attack! - Smokahontas (Official Music Video),riserecords,https://music.youtube.com/watch?v=OG-RNq7oRUM
title_split,2023-07-07T23:54:03.223Z,1688774043,Attack Attack!,Stick Stickly (Official Music Video),Watched Attack Attack! - Stick Stickly (Official Music Video),riserecords,https://music.youtube.com/watch?v=KDzt6yI3Dw8
title_split,2023-07-07T23:53:13.244Z,1688773993,The Devil Wears Prada,Danger: Wildman [OFFICIAL VIDEO],Watched The Devil Wears Prada - Danger: Wildman [OFFICIAL VIDEO],Ferret Music,https://music.youtube.com/watch?v=LDP87BvZhqg
title_split,2023-07-07T23:51:23.295Z,1688773883,Hall Of The Elders,Are You Not Into Trains (Music Video),Watched Hall Of The Elders - Are You Not Into Trains (Music Video),Hall of the Elders,https://music.youtube.com/watch?v=BT3MumEQ6zc
subtitle_fallback,2023-07-07T23:51:05.012Z,1688773865,Hall of the Elders,Barbie Girl Goes Crabcore (Music Video) Hall Of The Elders,Watched Barbie Girl Goes Crabcore (Music Video) Hall Of The Elders,Hall of the Elders,https://music.youtube.com/watch?v=NoPEMSwFXOs
title_split,2023-07-07T18:52:33.280Z,1688755953,Sleep Token,Chokehold,Watched Sleep Token - Chokehold,SleepTokenVEVO,https://music.youtube.com/watch?v=-UUSUrr6zyo
title_split,2023-07-05T18:22:07.085Z,1688581327,Being As An Ocean,"""The Hardest Part..."" (Official Music Video) (HD)","Watched Being As An Ocean - ""The Hardest Part..."" (Official Music Video) (HD)",BeingAsAnOcean,https://music.youtube.com/watch?v=G3MBv5-H9oE
subtitle_fallback,2023-06-03T17:01:21.041Z,1685811681,Alex Melton,If Lizzy McAlpine's 'Ceilings' Was An Emo Anthem,Watched If Lizzy McAlpine's 'Ceilings' Was An Emo Anthem,Alex Melton,https://music.youtube.com/watch?v=3IPn_yyhn28
subtitle_fallback,2023-05-31T20:52:43.166Z,1685566363,Alex Melton,THE ANTHEM but its got half time drums,Watched THE ANTHEM but its got half time drums,Alex Melton,https://music.youtube.com/watch?v=wv85HPhUrKE
title_split,2023-05-20T01:27:33.340Z,1684546053,Sleep Token,DYWTYLM,Watched Sleep Token - DYWTYLM,SleepTokenVEVO,https://music.youtube.com/watch?v=hP-6iVUyt8E
title_split,2023-05-16T23:52:22.016Z,1684281142,A Day To Remember,Mr. Highway's Thinking About The End,Watched A Day To Remember - Mr. Highway's Thinking About The End,ADayToRememberVEVO,https://music.youtube.com/watch?v=pQmpjFmB9yg
title_split,2023-05-08T03:04:47.236Z,1683515087,Deerhunter,Turn It Up Faggot (Full Album),Watched Deerhunter - Turn It Up Faggot (Full Album),Trillium Records,https://music.youtube.com/watch?v=CrwfsOJn0L4
title_split,2023-04-16T04:15:25.802Z,1681618525,Maul,Hatred,Watched Maul - Hatred,Darth Porg,https://music.youtube.com/watch?v=vVkUglhoon0
no_artist,2023-04-15T07:19:57.880Z,1681543197,,https://music.youtube.com/watch?v=fEZKYeqLbR0,Watched https://music.youtube.com/watch?v=fEZKYeqLbR0,,https://music.youtube.com/watch?v=fEZKYeqLbR0
title_split,2023-04-14T01:53:01.344Z,1681437181,Tiny Ruins,Priest With Balloons,Watched Tiny Ruins - Priest With Balloons,Poops Magee,https://music.youtube.com/watch?v=bHzSuovN7Ws
subtitle_fallback,2023-04-13T11:14:01.853Z,1681384441,xoxoCSxoxo,Paramore- Decoy (lyrics),Watched Paramore- Decoy (lyrics),xoxoCSxoxo,https://music.youtube.com/watch?v=lOQa_fHTUbs
title_split,2023-04-13T10:19:10.275Z,1681381150,Purity Ring,Bodyache (LIONE Remix),Watched Purity Ring - Bodyache (LIONE Remix),MrRevillz Music,https://music.youtube.com/watch?v=WBMsGtpUoEk
title_split,2023-04-13T09:22:13.245Z,1681377733,Paramore,Sunday Bloody Sunday lyrics,Watched Paramore - Sunday Bloody Sunday lyrics,KloeBunnie,https://music.youtube.com/watch?v=V9KTaCzlfU0
no_artist,2023-03-31T02:29:45.619Z,1680229785,,https://music.youtube.com/watch?v=RTJSLym8Y14,Watched https://music.youtube.com/watch?v=RTJSLym8Y14,,https://music.youtube.com/watch?v=RTJSLym8Y14
title_split,2023-03-30T16:06:01.199Z,1680192361,Tiny Ruins,Priest With Balloons,Watched Tiny Ruins - Priest With Balloons,Poops Magee,https://music.youtube.com/watch?v=bHzSuovN7Ws
title_split,2023-03-16T00:56:55.224Z,1678928215,Coffi Du,Gwibdaith Hen Frân (geiriau / lyrics),Watched Coffi Du - Gwibdaith Hen Frân (geiriau / lyrics),DistantDreamer93,https://music.youtube.com/watch?v=N5ZHRYVBGok
title_split,2023-03-16T00:49:03.839Z,1678927743,Yws Gwynedd,Drwy Dy Lygid Di,Watched Yws Gwynedd - Drwy Dy Lygid Di,Ywain Gwynedd,https://music.youtube.com/watch?v=PADjnW0cndk
subtitle_fallback,2023-03-16T00:48:04.264Z,1678927684,Gina B,Sophie Evans Max Boyce Tribute,Watched Sophie Evans Max Boyce Tribute,Gina B,https://music.youtube.com/watch?v=T-nu05HKSSE
title_split,2023-03-16T00:47:43.722Z,1678927663,Myfanwy,Neath Choir (Welsh-English Lyrics),Watched Myfanwy - Neath Choir (Welsh-English Lyrics),Kevin,https://music.youtube.com/watch?v=hNtn8B3zz8g
title_split,2023-03-16T00:47:25.599Z,1678927645,Cwm Rhondda,Guide Me O Thou Great Redeemer (Orig Jehovah),Watched Cwm Rhondda - Guide Me O Thou Great Redeemer (Orig Jehovah),Goodchappy,https://music.youtube.com/watch?v=7s1suWhb5KA
title_split,2023-03-16T00:47:16.825Z,1678927636,Katherine Jenkins,Calon Lân Lyrics in Welsh and English,Watched Katherine Jenkins - Calon Lân Lyrics in Welsh and English,Mattanza Mafia-Fedora,https://music.youtube.com/watch?v=EadntTQ0AkA
title_split,2023-03-15T20:46:11.122Z,1678913171,FOR THE FALLEN DREAMS,RE-Animate (OFFICIAL VIDEO),Watched FOR THE FALLEN DREAMS - RE-Animate (OFFICIAL VIDEO),Arising Empire,https://music.youtube.com/watch?v=zN7CGzjllsU
no_artist,2023-03-15T05:50:52.416Z,1678859452,,https://music.youtube.com/watch?v=RTJSLym8Y14,Watched https://music.youtube.com/watch?v=RTJSLym8Y14,,https://music.youtube.com/watch?v=RTJSLym8Y14
title_split,2023-02-20T22:03:41.494Z,1676930621,Sleep Token,The Summoning,Watched Sleep Token - The Summoning,SleepTokenVEVO,https://music.youtube.com/watch?v=wJNbtYdr-Hg
title_split,2023-02-08T05:09:55.983Z,1675832995,Falling Up,Hotel Aquarium,Watched Falling Up - Hotel Aquarium,FallingUpVEVO,https://music.youtube.com/watch?v=ZmwxqAabUHc
title_split,2023-01-16T01:10:35.820Z,1673831435,A Day To Remember,Mr. Highway's Thinking About The End,Watched A Day To Remember - Mr. Highway's Thinking About The End,ADayToRememberVEVO,https://music.youtube.com/watch?v=pQmpjFmB9yg
no_artist,2023-01-11T01:08:27.032Z,1673399307,,https://music.youtube.com/watch?v=RTJSLym8Y14,Watched https://music.youtube.com/watch?v=RTJSLym8Y14,,https://music.youtube.com/watch?v=RTJSLym8Y14
no_artist,2023-01-09T07:04:25.726Z,1673247865,,https://music.youtube.com/watch?v=RTJSLym8Y14,Watched https://music.youtube.com/watch?v=RTJSLym8Y14,,https://music.youtube.com/watch?v=RTJSLym8Y14
no_artist,2023-01-09T01:31:40.265Z,1673227900,,https://music.youtube.com/watch?v=RTJSLym8Y14,Watched https://music.youtube.com/watch?v=RTJSLym8Y14,,https://music.youtube.com/watch?v=RTJSLym8Y14
title_split,2022-12-31T05:47:02.629Z,1672465622,The Midnight,'Heartbeat' (Official Audio),Watched The Midnight - 'Heartbeat' (Official Audio),The Midnight,https://music.youtube.com/watch?v=mcnqKWkZ9x4
title_split,2022-12-31T05:42:42.672Z,1672465362,The Midnight,'Brooklyn. Friday. Love.' (Official Video),Watched The Midnight - 'Brooklyn. Friday. Love.' (Official Video),The Midnight,https://music.youtube.com/watch?v=dNup_awYjUI
title_split,2022-12-31T05:36:48.672Z,1672465008,The Midnight,'Golden Gate' (Official Visualiser),Watched The Midnight - 'Golden Gate' (Official Visualiser),The Midnight,https://music.youtube.com/watch?v=s5hoV5-mC04
title_split,2022-12-28T22:24:23.923Z,1672266263,Tiny Moving Parts,Caution (Official Video),Watched Tiny Moving Parts - Caution (Official Video),Triple Crown Records,https://music.youtube.com/watch?v=qn_jePJTIRk
title_split,2022-12-28T00:44:54.109Z,1672188294,Dashboard Confessional,Don't Wait (Closed Captioned),Watched Dashboard Confessional - Don't Wait (Closed Captioned),DashboardVEVO,https://music.youtube.com/watch?v=lNcgwuZZsTc
no_artist,2022-12-23T06:42:46.955Z,1671777766,,https://music.youtube.com/watch?v=RTJSLym8Y14,Watched https://music.youtube.com/watch?v=RTJSLym8Y14,,https://music.youtube.com/watch?v=RTJSLym8Y14
title_split,2022-12-23T05:58:29.014Z,1671775109,Alex Melton,'Seventeen' (Four Year Strong Cover) (Official Music Video),Watched Alex Melton - 'Seventeen' (Four Year Strong Cover) (Official Music Video),Alex Melton,https://music.youtube.com/watch?v=1zzowRnh4ZY
title_split,2022-12-22T06:57:10.118Z,1671692230,Covet,falkor (full band playthrough),Watched Covet - falkor (full band playthrough),Triple Crown Records,https://music.youtube.com/watch?v=FTxSXUzc96A
subtitle_fallback,2022-12-22T06:56:53.036Z,1671692213,Floral Tunes,Floral – This Year (Guitar Playthrough),Watched Floral – This Year (Guitar Playthrough),Floral Tunes,https://music.youtube.com/watch?v=bwn9jvORbTM
title_split,2022-12-22T06:54:00.660Z,1671692040,Floral,Unfair Treaty Guitar Playthrough,Watched Floral - Unfair Treaty Guitar Playthrough,Floral Tunes,https://music.youtube.com/watch?v=-8f4UFPeW00
no_artist,2022-12-18T08:05:47.896Z,1671350747,,https://music.youtube.com/watch?v=RTJSLym8Y14,Watched https://music.youtube.com/watch?v=RTJSLym8Y14,,https://music.youtube.com/watch?v=RTJSLym8Y14
title_split,2022-12-10T20:45:36.565Z,1670705136,Datsik & Virtual Riot,Nasty,Watched Datsik & Virtual Riot - Nasty,DubstepGutter,https://music.youtube.com/watch?v=HMN8msnUK5Y
title_split,2022-12-01T07:00:54.349Z,1669878054,Purity Ring,heartsigh (Official Video),Watched Purity Ring - heartsigh (Official Video),Purity Ring,https://music.youtube.com/watch?v=PPh51zP0UhA
title_split,2022-11-29T01:15:16.817Z,1669684516,Pierce The Veil,King for a Day ft. Kellin Quinn,Watched Pierce The Veil - King for a Day ft. Kellin Quinn,PierceTheVeilVEVO,https://music.youtube.com/watch?v=icXUkIfZxyg
no_artist,2022-11-20T15:15:49.173Z,1668957349,,https://music.youtube.com/watch?v=RTJSLym8Y14,Watched https://music.youtube.com/watch?v=RTJSLym8Y14,,https://music.youtube.com/watch?v=RTJSLym8Y14
title_split,2022-11-20T01:59:09.683Z,1668909549,BILMURI,THE VOID APPROACHETH (OFFICIAL VIDEO) (feat. Summer Hoop),Watched BILMURI - THE VOID APPROACHETH (OFFICIAL VIDEO) (feat. Summer Hoop),Bilmuri,https://music.youtube.com/watch?v=29as4pXxaOk
title_split,2022-11-20T01:54:38.131Z,1668909278,BILMURI,CORN-FED YETIS (feat. Knox) (OFFICIAL MUSIC VIDEO),Watched BILMURI - CORN-FED YETIS (feat. Knox) (OFFICIAL MUSIC VIDEO),Bilmuri,https://music.youtube.com/watch?v=-T4Eo9XJrmA
subtitle_fallback,2022-11-20T01:54:12.862Z,1668909252,Bilmuri,MIDWESTLAWNCAREDADSWHOSMASHBREWS (EGG EGGLY),Watched MIDWESTLAWNCAREDADSWHOSMASHBREWS (EGG EGGLY),Bilmuri,https://music.youtube.com/watch?v=7jlPy9qeO-o
title_split,2022-11-20T01:50:18.574Z,1668909018,Bilmuri,myfeelingshavefeelings [Official Video],Watched Bilmuri - myfeelingshavefeelings [Official Video],Boketo Media,https://music.youtube.com/watch?v=vEyanfuxQPY
title_split,2022-11-17T06:03:11.432Z,1668664991,Beartooth,"""Sick"" Full EP - High Quality!!!","Watched Beartooth - ""Sick"" Full EP - High Quality!!!",SoundBlastTunes,https://music.youtube.com/watch?v=pKvT-CDWqVQ
subtitle_fallback,2022-11-11T03:13:16.579Z,1668136396,TheMrDenrak,"Die Antwoord  Live Baby's On Fire, I Fink U Freeky & Never Nkemise 2","Watched Die Antwoord  Live Baby's On Fire, I Fink U Freeky & Never Nkemise 2",TheMrDenrak,https://music.youtube.com/watch?v=Lasm34pqc94
title_split,2022-11-11T03:08:29.622Z,1668136109,DIE ANTWOORD,I Fink U Freeky (Live At Hurricane Festival 2015),Watched DIE ANTWOORD - I Fink U Freeky (Live At Hurricane Festival 2015),HurricaneFstvl,https://music.youtube.com/watch?v=e8daPYyUFZM
title_split,2022-11-11T02:55:23.729Z,1668135323,Die Antwoord,Enter The Ninja (Traducción en español y en vivo en Pokkelpoq 2014),Watched Die Antwoord - Enter The Ninja (Traducción en español y en vivo en Pokkelpoq 2014),Axeel BC13,https://music.youtube.com/watch?v=ZNuSXL9vYnc
title_split,2022-11-11T02:03:45.182Z,1668132225,DIE ANTWOORD,PITBULL TERRIER,Watched DIE ANTWOORD - PITBULL TERRIER,Die Antwoord,https://music.youtube.com/watch?v=JvMXVHVr72A
title_split,2022-11-11T01:56:10.426Z,1668131770,DIE ANTWOORD,BABY'S ON FIRE (OFFICIAL),Watched DIE ANTWOORD - BABY'S ON FIRE (OFFICIAL),Die Antwoord,https://music.youtube.com/watch?v=HcXNPI-IPPM
subtitle_fallback,2022-11-08T05:29:35.158Z,1667885375,Music Library Uploads,Funeral Dirge for Everyone You've Ever Known and Everyone You Haven't,Watched Funeral Dirge for Everyone You've Ever Known and Everyone You Haven't,Music Library Uploads,https://music.youtube.com/watch?v=7jUwSNxgKiw
subtitle_fallback,2022-11-08T05:25:36.216Z,1667885136,Music Library Uploads,"The Fourth Ring of the Ninth Circle of Hell, Judecca, Where Satan Eats Judas Forever","Watched The Fourth Ring of the Ninth Circle of Hell, Judecca, Where Satan Eats Judas Forever",Music Library Uploads,https://music.youtube.com/watch?v=46S6cM_QQHU
subtitle_fallback,2022-11-08T05:22:50.005Z,1667884970,Music Library Uploads,To Cover Over a Multitude of Sins,Watched To Cover Over a Multitude of Sins,Music Library Uploads,https://music.youtube.com/watch?v=YfbwNYSRJG4
subtitle_fallback,2022-11-08T05:19:30.918Z,1667884770,Music Library Uploads,Autosarcophagy and the Heat Death of the Universe,Watched Autosarcophagy and the Heat Death of the Universe,Music Library Uploads,https://music.youtube.com/watch?v=S5NdGcmnTM4
subtitle_fallback,2022-11-08T05:15:47.929Z,1667884547,Music Library Uploads,Destroyer of the gods,Watched Destroyer of the gods,Music Library Uploads,https://music.youtube.com/watch?v=BGzzidBw54A
subtitle_fallback,2022-11-08T05:09:09.184Z,1667884149,Music Library Uploads,Iconoclasm Orgasm,Watched Iconoclasm Orgasm,Music Library Uploads,https://music.youtube.com/watch?v=YR0pYzZCycQ
subtitle_fallback,2022-11-08T05:06:13.466Z,1667883973,Music Library Uploads,What to Expect When You're Expecting to Die,Watched What to Expect When You're Expecting to Die,Music Library Uploads,https://music.youtube.com/watch?v=aFuGa3K_974
subtitle_fallback,2022-11-08T05:03:21.463Z,1667883801,Music Library Uploads,Unitarian Death Cult of Personality,Watched Unitarian Death Cult of Personality,Music Library Uploads,https://music.youtube.com/watch?v=6L3Bgfiy6y0
subtitle_fallback,2022-11-08T04:57:47.581Z,1667883467,Music Library Uploads,The Gradual Erosion of all Friendship as Religious Crisis,Watched The Gradual Erosion of all Friendship as Religious Crisis,Music Library Uploads,https://music.youtube.com/watch?v=2WOZr9W0jag
subtitle_fallback,2022-11-08T04:54:08.270Z,1667883248,Music Library Uploads,Lord Vishnu Leads the Lemmings off a Cliff,Watched Lord Vishnu Leads the Lemmings off a Cliff,Music Library Uploads,https://music.youtube.com/watch?v=odqhmd_YxSQ
subtitle_fallback,2022-11-08T04:52:25.007Z,1667883145,Music Library Uploads,I've Deconverted! Please Like and Subscribe,Watched I've Deconverted! Please Like and Subscribe,Music Library Uploads,https://music.youtube.com/watch?v=air5A9NSFUE
no_artist,2022-11-07T22:41:20.783Z,1667860880,,https://music.youtube.com/watch?v=RTJSLym8Y14,Watched https://music.youtube.com/watch?v=RTJSLym8Y14,,https://music.youtube.com/watch?v=RTJSLym8Y14
no_artist,2022-11-04T21:17:11.354Z,1667596631,,https://music.youtube.com/watch?v=RTJSLym8Y14,Watched https://music.youtube.com/watch?v=RTJSLym8Y14,,https://music.youtube.com/watch?v=RTJSLym8Y14
title_split,2022-10-30T13:38:29.669Z,1667137109,A New Found Glory,Never Sometimes,Watched A New Found Glory - Never Sometimes,Jeff K.,https://music.youtube.com/watch?v=ZMFYYLcvEkk
title_split,2022-10-30T06:29:46.902Z,1667111386,A New Found Glory,Broken Sound,Watched A New Found Glory - Broken Sound,Jeff K.,https://music.youtube.com/watch?v=ZeB_1lS6yu0
title_split,2022-10-30T06:26:48.961Z,1667111208,A New Found Glory,Passing Time,Watched A New Found Glory - Passing Time,Jeff K.,https://music.youtube.com/watch?v=Z9wE8xD4P2M
title_split,2022-10-30T06:24:15.394Z,1667111055,A New Found Glory,Winter of '95,Watched A New Found Glory - Winter of '95,Jeff K.,https://music.youtube.com/watch?v=WTl9-1pJnCg
title_split,2022-10-30T06:20:21.523Z,1667110821,A New Found Glory,Tell-Tale Heart,Watched A New Found Glory - Tell-Tale Heart,Jeff K.,https://music.youtube.com/watch?v=gfMOKIPNFrs
title_split,2022-10-30T06:16:34.018Z,1667110594,A New Found Glory,2's & 3's,Watched A New Found Glory - 2's & 3's,Jeff K.,https://music.youtube.com/watch?v=x5OmgfxUce4
title_split,2022-10-30T06:13:48.985Z,1667110428,A New Found Glory,The Blue Stare,Watched A New Found Glory - The Blue Stare,Jeff K.,https://music.youtube.com/watch?v=ytc7__IyFcM
title_split,2022-10-30T06:09:48.073Z,1667110188,A New Found Glory,You've Got a Friend in Pennsylvania,Watched A New Found Glory - You've Got a Friend in Pennsylvania,Jeff K.,https://music.youtube.com/watch?v=JkQ2wC0zMeM
title_split,2022-10-30T06:07:01.166Z,1667110021,A New Found Glory,3rd and Long,Watched A New Found Glory - 3rd and Long,Jeff K.,https://music.youtube.com/watch?v=tu--hJdQHwI
title_split,2022-10-30T06:04:12.934Z,1667109852,A New Found Glory,It Never Snows in Florida,Watched A New Found Glory - It Never Snows in Florida,Jeff K.,https://music.youtube.com/watch?v=PO7TpQdIE9Q
title_split,2022-10-30T06:00:48.525Z,1667109648,A New Found Glory,Hit or Miss,Watched A New Found Glory - Hit or Miss,Jeff K.,https://music.youtube.com/watch?v=LbWQq4MkuIw
title_split,2022-10-29T01:22:04.412Z,1667006524,Dayseeker,Burial Plot (Reimagined) ft. Seneca,Watched Dayseeker - Burial Plot (Reimagined) ft. Seneca,DayseekerVEVO,https://music.youtube.com/watch?v=-uv5RglK5hw
title_split,2022-10-29T01:19:46.345Z,1667006386,Dayseeker,Crying While You're Dancing,Watched Dayseeker - Crying While You're Dancing,DayseekerVEVO,https://music.youtube.com/watch?v=hY9TVwgePxU
subtitle_fallback,2022-10-24T05:25:57.829Z,1666589157,Patrick Hogan,Fear Before the March of Flames- Odd How People Shake (Full Album),Watched Fear Before the March of Flames- Odd How People Shake (Full Album),Patrick Hogan,https://music.youtube.com/watch?v=1GIK_kHHWkE
title_split,2022-10-22T18:04:05.312Z,1666461845,Thrice,Eclipse [Lyric Video],Watched Thrice - Eclipse [Lyric Video],Local Motions,https://music.youtube.com/watch?v=g7d0AAhpIxY
subtitle_fallback,2022-10-14T04:00:07.522Z,1665720007,SiriusXM,Dayseeker — Neon Grave | LIVE Performance | Next Wave Vol. 5 | SiriusXM,Watched Dayseeker — Neon Grave | LIVE Performance | Next Wave Vol. 5 | SiriusXM,SiriusXM,https://music.youtube.com/watch?v=tIvkqWKZVeQ
title_split,2022-10-11T05:08:40.089Z,1665464920,Knuckle Puck,Pretense (Official Music Video),Watched Knuckle Puck - Pretense (Official Music Video),riserecords,https://music.youtube.com/watch?v=tjMaZnGWeQY
title_split,2022-09-28T19:38:27.755Z,1664393907,Dua Lipa,New Rules (Rock Cover),Watched Dua Lipa - New Rules (Rock Cover),Alex Melton,https://music.youtube.com/watch?v=e5n84PuH0wI
title_split,2022-09-28T19:29:09.042Z,1664393349,Dua Lipa,New Rules (Official Music Video),Watched Dua Lipa - New Rules (Official Music Video),Dua Lipa,https://music.youtube.com/watch?v=k2qgadSvNyU
title_split,2022-09-27T07:24:51.461Z,1664263491,I Built The Sky,Cumulus (Watch in 4K),Watched I Built The Sky - Cumulus (Watch in 4K),I Built The Sky,https://music.youtube.com/watch?v=9pRQ9sGhkuQ
title_split,2022-09-27T07:20:47.216Z,1664263247,I Built The Sky,Hyperion (feat. Tim McMillan & Rachel Snow),Watched I Built The Sky - Hyperion (feat. Tim McMillan & Rachel Snow),I Built The Sky,https://music.youtube.com/watch?v=36BBmqs5ees
title_split,2022-09-27T07:20:43.835Z,1664263243,I Built The Sky,Floccus,Watched I Built The Sky - Floccus,I Built The Sky,https://music.youtube.com/watch?v=cFSwTFBkpj0
title_split,2022-09-27T07:17:07.732Z,1664263027,I Built The Sky,Striations (feat. Tim McMillan & Rachel Snow),Watched I Built The Sky - Striations (feat. Tim McMillan & Rachel Snow),I Built The Sky,https://music.youtube.com/watch?v=1LZE2tITtuM
title_split,2022-09-27T07:11:56.894Z,1664262716,I Built The Sky,Up Into The Ether (watch in 4k),Watched I Built The Sky - Up Into The Ether (watch in 4k),I Built The Sky,https://music.youtube.com/watch?v=OTBdO18zmxQ
title_split,2022-09-27T07:08:39.708Z,1664262519,I Built The Sky,Let Yourself Dream,Watched I Built The Sky - Let Yourself Dream,I Built The Sky,https://music.youtube.com/watch?v=_hEXZQtxJko
title_split,2022-09-27T07:06:42.970Z,1664262402,I Built The Sky,Where Sea Meets Sky,Watched I Built The Sky - Where Sea Meets Sky,I Built The Sky,https://music.youtube.com/watch?v=Z7acSRwz1D4
title_split,2022-09-27T07:02:11.877Z,1664262131,I Built The Sky,The Quiet Place Away,Watched I Built The Sky - The Quiet Place Away,I Built The Sky,https://music.youtube.com/watch?v=P_kF-M7RkYo
title_split,2022-09-20T23:35:01.256Z,1663716901,Calling All Captains,Nerve (Official Music Video),Watched Calling All Captains - Nerve (Official Music Video),Calling All Captains,https://music.youtube.com/watch?v=6Fqe48fVY28
title_split,2022-08-19T04:19:02.714Z,1660882742,Thrice,Salt And Shadow [Audio],Watched Thrice - Salt And Shadow [Audio],Thrice,https://music.youtube.com/watch?v=Ms8sWD4OJiw
title_split,2022-08-19T04:15:36.799Z,1660882536,Thrice,Whistleblower [Audio],Watched Thrice - Whistleblower [Audio],Thrice,https://music.youtube.com/watch?v=JVr3kb7R5To
title_split,2022-08-19T04:11:58.748Z,1660882318,Thrice,Death From Above [Audio],Watched Thrice - Death From Above [Audio],Thrice,https://music.youtube.com/watch?v=2TiDTE1UyM0
title_split,2022-08-19T04:07:57.723Z,1660882077,Thrice,Stay With Me [Audio],Watched Thrice - Stay With Me [Audio],Thrice,https://music.youtube.com/watch?v=ws-1-IAWuIU
title_split,2022-08-19T04:03:39.763Z,1660881819,Thrice,Black Honey [Official Video],Watched Thrice - Black Honey [Official Video],Thrice,https://music.youtube.com/watch?v=C9GTEsNf_GU
title_split,2022-08-19T04:02:39.763Z,1660881759,Thrice,Seneca [Audio],Watched Thrice - Seneca [Audio],Thrice,https://music.youtube.com/watch?v=3w5bGC9u1_M
title_split,2022-08-19T03:58:28.240Z,1660881508,Thrice,The Long Defeat [Audio],Watched Thrice - The Long Defeat [Audio],Thrice,https://music.youtube.com/watch?v=VPlPjL2Zym4
title_split,2022-08-19T03:54:21.188Z,1660881261,Thrice,Wake Up [Audio],Watched Thrice - Wake Up [Audio],Thrice,https://music.youtube.com/watch?v=lgVmXBJWj8E
title_split,2022-08-19T03:51:30.544Z,1660881090,Thrice,Blood On The Sand [Audio],Watched Thrice - Blood On The Sand [Audio],Thrice,https://music.youtube.com/watch?v=SecJsEelf3c
title_split,2022-08-19T03:46:40.133Z,1660880800,Thrice,Hurricane [Official Video],Watched Thrice - Hurricane [Official Video],Thrice,https://music.youtube.com/watch?v=WNTjrsLOuHo
title_split,2022-08-13T19:48:33.038Z,1660420113,Megan Thee Stallion,Flip Flop [Official Visualizer],Watched Megan Thee Stallion - Flip Flop [Official Visualizer],Megan Thee Stallion,https://music.youtube.com/watch?v=M3uTC44FrFY
title_split,2022-08-13T19:46:19.428Z,1660419979,Megan Thee Stallion,Anxiety [Official Visualizer],Watched Megan Thee Stallion - Anxiety [Official Visualizer],Megan Thee Stallion,https://music.youtube.com/watch?v=7D85hpcSbE8
title_split,2022-08-13T19:31:51.612Z,1660419111,Megan Thee Stallion,Her [Official Visualizer],Watched Megan Thee Stallion - Her [Official Visualizer],Megan Thee Stallion,https://music.youtube.com/watch?v=Z3qfL3bktl0
title_split,2022-08-13T19:24:27.639Z,1660418667,Megan Thee Stallion,Ungrateful (feat. Key Glock) [Official Visualizer],Watched Megan Thee Stallion - Ungrateful (feat. Key Glock) [Official Visualizer],Megan Thee Stallion,https://music.youtube.com/watch?v=1flnACIZy5M
title_split,2022-08-13T19:17:54.589Z,1660418274,Nicki Minaj,Super Freaky Girl (Official Lyric Video),Watched Nicki Minaj - Super Freaky Girl (Official Lyric Video),NickiMinajAtVEVO,https://music.youtube.com/watch?v=HInFfnzyqR4
title_split,2022-08-01T05:35:55.416Z,1659332155,Dance Gavin Dance,Cream Of The Crop (Visualizer),Watched Dance Gavin Dance - Cream Of The Crop (Visualizer),riserecords,https://music.youtube.com/watch?v=_0PT8MnVGqw
title_split,2022-07-30T18:05:28.856Z,1659204328,BLIND GUARDIAN,Blood Of The Elves (OFFICIAL MUSIC VIDEO),Watched BLIND GUARDIAN - Blood Of The Elves (OFFICIAL MUSIC VIDEO),Nuclear Blast Records,https://music.youtube.com/watch?v=tCzE9LX8cgc
title_split,2022-07-30T18:01:15.551Z,1659204075,BLIND GUARDIAN,Violent Shadows (OFFICIAL MUSIC VIDEO),Watched BLIND GUARDIAN - Violent Shadows (OFFICIAL MUSIC VIDEO),Nuclear Blast Records,https://music.youtube.com/watch?v=vUpF6VjIC-8
title_split,2022-07-28T19:37:24.295Z,1659037044,A Day To Remember,Mr. Highway's Thinking About The End,Watched A Day To Remember - Mr. Highway's Thinking About The End,ADayToRememberVEVO,https://music.youtube.com/watch?v=pQmpjFmB9yg
subtitle_fallback,2022-07-28T07:34:01.864Z,1658993641,soulxsaver,Such Small Hands and Nobody Not Even the Rain-La Dispute Lyrics,Watched Such Small Hands and Nobody Not Even the Rain-La Dispute Lyrics,soulxsaver,https://music.youtube.com/watch?v=U-BbcaeGjzU
title_split,2022-07-28T07:07:42.301Z,1658992062,La Dispute,Andria with Lyrics,Watched La Dispute - Andria with Lyrics,Mady,https://music.youtube.com/watch?v=XnuW2x5X92M
title_split,2022-07-27T22:43:42.662Z,1658961822,"Chunk! No, Captain Chunk!",The Other Line (Official Music Video),"Watched Chunk! No, Captain Chunk! - The Other Line (Official Music Video)",Fearless Records,https://music.youtube.com/watch?v=ZHz2Fln_ToI
title_split,2022-07-10T05:43:54.594Z,1657431834,Four Year Strong,It's Our Time (Full Album 2005),Watched Four Year Strong - It's Our Time (Full Album 2005),Ben Goh,https://music.youtube.com/watch?v=BEr1qPigQhU
title_split,2022-07-10T05:39:01.015Z,1657431541,Four Year Strong,For Our Fathers (Live Acoustic),Watched Four Year Strong - For Our Fathers (Live Acoustic),Four Year Strong,https://music.youtube.com/watch?v=1ZpvVn9ZsvU
title_split,2022-07-08T22:41:22.782Z,1657320082,Four Year Strong,Tonight We Feel Alive (On A Saturday),Watched Four Year Strong - Tonight We Feel Alive (On A Saturday),FourYearStrongVEVO,https://music.youtube.com/watch?v=2MH1UaPIEgA
title_split,2022-07-08T22:38:17.309Z,1657319897,Four Year Strong,It Must Really Suck To Be Four Year Strong Right Now (Lip Dub Version),Watched Four Year Strong - It Must Really Suck To Be Four Year Strong Right Now (Lip Dub Version),FourYearStrongVEVO,https://music.youtube.com/watch?v=xtXa1lCVzUM
title_split,2022-07-05T19:20:27.632Z,1657048827,Four Year Strong,Tonight We Feel Alive (On A Saturday),Watched Four Year Strong - Tonight We Feel Alive (On A Saturday),FourYearStrongVEVO,https://music.youtube.com/watch?v=2MH1UaPIEgA
title_split,2022-07-04T19:06:37.656Z,1656961597,A Day To Remember,All I Want,Watched A Day To Remember - All I Want,ADayToRememberVEVO,https://music.youtube.com/watch?v=Pn-6eOxnEMI
title_split,2022-06-19T01:36:53.190Z,1655602613,Kate Bush,Running Up That Hill - Official Music Video,Watched Kate Bush - Running Up That Hill - Official Music Video,KateBushMusic,https://music.youtube.com/watch?v=wp43OdtAAkM
title_split,2022-06-09T00:54:08.179Z,1654736048,Tom's Diner (Cover),AnnenMayKantereit x Giant Rooks,Watched Tom's Diner (Cover) - AnnenMayKantereit x Giant Rooks,AnnenMayKantereit,https://music.youtube.com/watch?v=5r3B7yz6J68
title_split,2022-06-09T00:52:04.958Z,1654735924,Selena Gomez,Same Old Love,Watched Selena Gomez - Same Old Love,SelenaGomezVEVO,https://music.youtube.com/watch?v=9h30Bx4Klxg
title_split,2022-06-08T03:23:27.961Z,1654658607,Ich geh heut nicht mehr tanzen,AnnenMayKantereit,Watched Ich geh heut nicht mehr tanzen - AnnenMayKantereit,AnnenMayKantereit,https://music.youtube.com/watch?v=MKyj6lYHfT8
title_split,2022-06-08T03:22:45.652Z,1654658565,Tom's Diner (Cover),AnnenMayKantereit x Giant Rooks,Watched Tom's Diner (Cover) - AnnenMayKantereit x Giant Rooks,AnnenMayKantereit,https://music.youtube.com/watch?v=5r3B7yz6J68
title_split,2022-06-08T03:21:23.020Z,1654658483,Giant Rooks,What I Know Is All Quicksand (rookery live tapes),Watched Giant Rooks - What I Know Is All Quicksand (rookery live tapes),Giant Rooks,https://music.youtube.com/watch?v=XnPdNFXsiKg
title_split,2022-06-08T03:20:39.948Z,1654658439,Giant Rooks,Wild Stare (Official Video),Watched Giant Rooks - Wild Stare (Official Video),Giant Rooks,https://music.youtube.com/watch?v=lUamLYvOeSc
title_split,2022-05-29T13:38:39.434Z,1653831519,Photon,Constellations,Watched Photon - Constellations,Electronic Gems,https://music.youtube.com/watch?v=aAXkgsQ4ipk
title_split,2022-05-29T13:34:38.011Z,1653831278,Neon Galaxy,Portal,Watched Neon Galaxy - Portal,Electronic Gems,https://music.youtube.com/watch?v=4d-O_UkHMXs
subtitle_fallback,2022-05-28T15:35:21.846Z,1653752121,Music Library Uploads,King of The Closet,Watched King of The Closet,Music Library Uploads,https://music.youtube.com/watch?v=M9xQpYiQXNw
title_split,2022-05-13T01:56:59.401Z,1652407019,My Chemical Romance,The Foundations of Decay,Watched My Chemical Romance - The Foundations of Decay,My Chemical Romance,https://music.youtube.com/watch?v=V2kWUJkRvVs
title_split,2022-05-07T05:46:49.819Z,1651902409,ERRA,Stockholm Syndrome [Official Visualizer],Watched ERRA - Stockholm Syndrome [Official Visualizer],UNFD,https://music.youtube.com/watch?v=ctPGxAfevgA
title_split,2022-05-04T03:40:14.658Z,1651635614,My Chemical Romance,Helena [Official Music Video - 4K Film Restored],Watched My Chemical Romance - Helena [Official Music Video - 4K Film Restored],My Chemical Romance,https://music.youtube.com/watch?v=UCCyoocDxBA
title_split,2022-05-04T03:38:57.905Z,1651635537,Underoath,Writing On The Walls (Official Video),Watched Underoath - Writing On The Walls (Official Video),UnderoathVEVO,https://music.youtube.com/watch?v=RaFZXbnLjoA
title_split,2022-04-30T04:21:44.094Z,1651292504,Machine Gun Kelly,maybe feat. Bring Me The Horizon (Official Music Video),Watched Machine Gun Kelly - maybe feat. Bring Me The Horizon (Official Music Video),MGKVEVO,https://music.youtube.com/watch?v=9xht4JIOfjU
subtitle_fallback,2022-04-29T22:17:42.471Z,1651270662,Equal Vision Records,"Greyhaven ""All Candy"" (Official Music Video)","Watched Greyhaven ""All Candy"" (Official Music Video)",Equal Vision Records,https://music.youtube.com/watch?v=WICS3NZv_Pg
title_split,2022-04-24T19:18:56.073Z,1650827936,CALIBAN,Dystopia feat. Christoph Wieczorek of Annisokay (OFFICIAL VIDEO),Watched CALIBAN - Dystopia feat. Christoph Wieczorek of Annisokay (OFFICIAL VIDEO),Century Media Records,https://music.youtube.com/watch?v=1tpZ-5pwpQw
title_split,2022-04-18T00:22:42.177Z,1650241362,Dance Gavin Dance,Count Bassy (Official Music Video),Watched Dance Gavin Dance - Count Bassy (Official Music Video),riserecords,https://music.youtube.com/watch?v=jJULfw3xVas
title_split,2022-04-16T18:09:18.687Z,1650132558,Dance Gavin Dance,Strawberry Swisher pt. III (Official Music Video),Watched Dance Gavin Dance - Strawberry Swisher pt. III (Official Music Video),riserecords,https://music.youtube.com/watch?v=pCvSRfk2I0s
title_split,2022-04-16T17:52:56.457Z,1650131576,Dance Gavin Dance,The Robot with Human Hair pt. 4,Watched Dance Gavin Dance - The Robot with Human Hair pt. 4,riserecords,https://music.youtube.com/watch?v=LnOqg5WzQKo
subtitle_fallback,2022-04-04T19:37:52.028Z,1649101072,Music Library Uploads,Where Eye Meets Eye,Watched Where Eye Meets Eye,Music Library Uploads,https://music.youtube.com/watch?v=bj1w_1dBiWs
subtitle_fallback,2022-04-04T11:17:53.892Z,1649071073,Music Library Uploads,Silver Speak,Watched Silver Speak,Music Library Uploads,https://music.youtube.com/watch?v=mRYob016tfE
subtitle_fallback,2022-04-04T11:14:06.144Z,1649070846,Music Library Uploads,Act,Watched Act,Music Library Uploads,https://music.youtube.com/watch?v=-HmUj_z2nvw
subtitle_fallback,2022-04-04T11:08:22.166Z,1649070502,Music Library Uploads,My Mothers Only Son,Watched My Mothers Only Son,Music Library Uploads,https://music.youtube.com/watch?v=3otWIwEITfE
subtitle_fallback,2022-04-04T11:04:17.269Z,1649070257,Music Library Uploads,King of The Closet,Watched King of The Closet,Music Library Uploads,https://music.youtube.com/watch?v=M9xQpYiQXNw
subtitle_fallback,2022-04-04T11:00:10.405Z,1649070010,Music Library Uploads,As You Walk,Watched As You Walk,Music Library Uploads,https://music.youtube.com/watch?v=1204kDhhVTg
subtitle_fallback,2022-04-04T10:56:22.310Z,1649069782,Music Library Uploads,Vow of Silence,Watched Vow of Silence,Music Library Uploads,https://music.youtube.com/watch?v=xTl1qlC1X7g
subtitle_fallback,2022-03-31T19:35:43.898Z,1648755343,Music Library Uploads,Lesson 26,Watched Lesson 26,Music Library Uploads,https://music.youtube.com/watch?v=mw4PssjPcew
subtitle_fallback,2022-03-31T11:04:16.901Z,1648724656,Music Library Uploads,Lesson 26 Reading,Watched Lesson 26 Reading,Music Library Uploads,https://music.youtube.com/watch?v=Hnm-OCOy5XI
subtitle_fallback,2022-03-30T20:14:27.166Z,1648671267,Music Library Uploads,Lesson 26,Watched Lesson 26,Music Library Uploads,https://music.youtube.com/watch?v=mw4PssjPcew
subtitle_fallback,2022-03-30T20:14:23.320Z,1648671263,Music Library Uploads,Lesson 25 Reading,Watched Lesson 25 Reading,Music Library Uploads,https://music.youtube.com/watch?v=uxuzEKNjD4o
subtitle_fallback,2022-03-30T19:57:17.187Z,1648670237,Music Library Uploads,Lesson 25,Watched Lesson 25,Music Library Uploads,https://music.youtube.com/watch?v=-zfXnHxK10A
title_split,2022-03-25T04:21:25.386Z,1648182085,Fall Out Boy,Moving Pictures (Remastered),Watched Fall Out Boy - Moving Pictures (Remastered),jake #2,https://music.youtube.com/watch?v=KsZGV-QPKjU
subtitle_fallback,2022-03-25T04:19:09.082Z,1648181949,gamerpunk123,FALL OUT BOY:SWITCHBLADES AND INFIDELITY,Watched FALL OUT BOY:SWITCHBLADES AND INFIDELITY,gamerpunk123,https://music.youtube.com/watch?v=gM2IfT_Shb8
title_split,2022-03-25T04:18:54.200Z,1648181934,Fall Out Boy,Formula For Love (AUDIO),Watched Fall Out Boy - Formula For Love (AUDIO),Fall Out Boy Obsession BR,https://music.youtube.com/watch?v=VtJGW-1JpRs
title_split,2022-03-25T04:16:21.221Z,1648181781,Growing up,Fall out boy,Watched Growing up - Fall out boy,Deadjumpsuits8,https://music.youtube.com/watch?v=hZgTMPogUdk
subtitle_fallback,2022-03-23T19:40:48.932Z,1648064448,Music Library Uploads,Lesson 25,Watched Lesson 25,Music Library Uploads,https://music.youtube.com/watch?v=-zfXnHxK10A
subtitle_fallback,2022-03-23T11:20:18.627Z,1648034418,Music Library Uploads,Lesson 24 Reading,Watched Lesson 24 Reading,Music Library Uploads,https://music.youtube.com/watch?v=ODCfweW4Ot8
subtitle_fallback,2022-03-23T10:53:49.873Z,1648032829,Music Library Uploads,Lesson 24,Watched Lesson 24,Music Library Uploads,https://music.youtube.com/watch?v=EKcTZVCDm0o
subtitle_fallback,2022-03-16T19:44:22.815Z,1647459862,Music Library Uploads,Lesson 24,Watched Lesson 24,Music Library Uploads,https://music.youtube.com/watch?v=EKcTZVCDm0o
subtitle_fallback,2022-03-10T20:59:20.524Z,1646945960,Music Library Uploads,Lesson 24,Watched Lesson 24,Music Library Uploads,https://music.youtube.com/watch?v=EKcTZVCDm0o
subtitle_fallback,2022-03-10T20:59:19.537Z,1646945959,Music Library Uploads,Lesson 23 Reading,Watched Lesson 23 Reading,Music Library Uploads,https://music.youtube.com/watch?v=v2bE8O6n0kU
subtitle_fallback,2022-03-10T20:59:15.293Z,1646945955,Music Library Uploads,Lesson 23,Watched Lesson 23,Music Library Uploads,https://music.youtube.com/watch?v=FZcY_BScmlo
subtitle_fallback,2022-03-09T20:52:07.054Z,1646859127,Music Library Uploads,Lesson 23,Watched Lesson 23,Music Library Uploads,https://music.youtube.com/watch?v=FZcY_BScmlo
subtitle_fallback,2022-03-09T12:21:55.663Z,1646828515,Music Library Uploads,Lesson 22 Reading,Watched Lesson 22 Reading,Music Library Uploads,https://music.youtube.com/watch?v=NqL9Vine3ko
subtitle_fallback,2022-03-09T11:54:32.258Z,1646826872,Music Library Uploads,Lesson 22,Watched Lesson 22,Music Library Uploads,https://music.youtube.com/watch?v=Gpzz8MN0BNE
subtitle_fallback,2022-03-02T20:55:50.691Z,1646254550,Music Library Uploads,Lesson 23 Reading,Watched Lesson 23 Reading,Music Library Uploads,https://music.youtube.com/watch?v=v2bE8O6n0kU
subtitle_fallback,2022-03-02T11:55:16.352Z,1646222116,Music Library Uploads,Lesson 23,Watched Lesson 23,Music Library Uploads,https://music.youtube.com/watch?v=FZcY_BScmlo
subtitle_fallback,2022-02-28T12:18:13.513Z,1646050693,Music Library Uploads,Lesson 21 Reading,Watched Lesson 21 Reading,Music Library Uploads,https://music.youtube.com/watch?v=ys3UXmpJFII
subtitle_fallback,2022-02-28T11:54:27.836Z,1646049267,Music Library Uploads,Lesson 21,Watched Lesson 21,Music Library Uploads,https://music.youtube.com/watch?v=vNk4VVii36U
title_split,2022-02-27T04:26:28.917Z,1645935988,Dashboard Confessional,Here’s To Moving On,Watched Dashboard Confessional - Here’s To Moving On,DashboardVEVO,https://music.youtube.com/watch?v=cvXdAj2SOfo
title_split,2022-02-27T04:21:18.302Z,1645935678,Dashboard Confessional,Everyone Else Is Just Noise (Official Lyric Video),Watched Dashboard Confessional  - Everyone Else Is Just Noise (Official Lyric Video),Dashboard Confessional,https://music.youtube.com/watch?v=QPy5MKRAqmE
title_split,2022-02-27T04:18:35.717Z,1645935515,Dashboard Confessional,Burning Heart,Watched Dashboard Confessional - Burning Heart,DashboardVEVO,https://music.youtube.com/watch?v=KfwzvvfYiRc
subtitle_fallback,2022-02-24T20:41:09.458Z,1645735269,Music Library Uploads,Lesson 22,Watched Lesson 22,Music Library Uploads,https://music.youtube.com/watch?v=Gpzz8MN0BNE
subtitle_fallback,2022-02-24T11:49:18.755Z,1645703358,Music Library Uploads,Lesson 21,Watched Lesson 21,Music Library Uploads,https://music.youtube.com/watch?v=vNk4VVii36U
